feature_0,feature_1,feature_2,feature_3,feature_4,feature_5,feature_6,feature_7,feature_8,feature_9,target
-0.8318222082304447,3.778559708620231,-0.9161919154812425,-0.6905410523162594,-0.7157599891107518,-0.8255599168996275,-4.887584279073824,-0.7837656655863965,-2.016605396255442,-0.06717829004935526,1
-0.06613261462582246,-0.44052172486948815,-0.4367197360405955,0.2658782296520485,-0.24702570074599667,0.14012405522951926,1.0307784571956868,-0.4700421477595015,0.5276292237056248,2.0997217891665154,1
-0.43745830032341043,-1.5267730181179573,-0.8874921778021001,0.41953244390702776,-0.372833152091767,0.013308480137617066,-1.3898216885108265,-0.12094814860778157,-1.320395746879223,0.7223813578277714,0
-0.5260348426675804,-0.8110477869418613,0.49201884799279927,0.4209729443893898,1.0971527117536957,0.17411803980262958,1.0166937226665875,0.6988284202025348,0.4122925579872391,-2.1533429198712444,1
-0.30522470435466764,-0.05433987870959345,-1.0651136630753726,-1.3118362323501596,-0.186971302985446,-0.011333149672680691,-0.17350664412314698,0.010352619843380607,-0.12571053159266538,-0.6095122021592831,0
-0.33708597111803934,-2.4196249674270747,0.14866745720211155,1.490726136849952,-0.30246968648812833,0.020695363074098284,-2.2067439413608896,-0.213442870930208,-2.095198215070401,-0.6134026635409398,0
-0.8049664808525608,0.5351099347542713,-0.1115088271429437,-1.1410085097527383,-0.41361566562964275,0.08501550538918648,1.4292774988843935,0.6954024745502987,1.0606728283247395,-0.38769991640856116,1
-0.1962806513879368,1.830527499952281,-1.5327005598899308,0.24300472205439969,0.1755362295785979,-0.166178954366133,0.08810684798633084,0.9500158286696456,0.5815580516429854,0.30170000890173554,1
-1.2392583948534726,1.838572476671391,0.6354180302092264,-2.0038623644067535,0.2773769379581917,-0.34492775748767374,-1.7817473274456441,-0.26451484131061076,-0.602732909965782,0.05993263026632825,1
1.2477420726737338,-0.5286393959198905,-0.2949496782920278,0.8949243769444413,0.27899416222380197,-0.01414964437765963,-0.6782862732724784,-0.7184072655691974,-0.5822390959235783,-0.6734906242438685,0
0.23940450053537707,0.8094809233146487,-0.580053241370043,1.4872461553359273,0.4720022709192744,-0.07947399533574624,-0.023944141617120662,0.6820520657126199,0.21725196507258743,0.49968511030293383,1
-2.5322460852196853,1.51322974125479,0.4359753895000459,-0.09884520123930605,0.12617790366196718,-0.10238769158970129,0.4403970946607405,0.19548173155329082,0.7140061091720216,0.6820694900626313,1
-0.10960980392583083,0.555994657175144,-0.4363858905265686,0.0064222698109378164,-0.3700110298821277,-0.16811506164385412,-1.2091590380624206,0.5462842480036996,-0.6076700697768218,-0.08836295920533532,1
1.3032780373160637,0.5497022611634685,0.18106274277108234,-0.8852486861242225,-0.4124138182164804,0.1279915071953605,1.8953981226474688,0.31635832153614474,1.360661162418616,0.5861658003927833,1
1.6155828235482317,1.1937137712771633,0.9648516330974576,-0.8058700664961888,-0.5924642591528942,-0.1809672517439448,-0.7052664350046896,-1.6834381922209503,-0.10477759010411825,-1.234348871879922,1
0.5540577711159071,2.4808273422909535,0.07959786237603639,0.13429649724779288,0.03003147916408217,-0.3227932897924918,-0.905744677732863,1.1701987091966037,0.13760141117324132,-0.8617030702562581,1
-0.8610879101735704,-1.8704359987462684,0.4097627959594974,1.4104591452035038,0.6979032725390276,0.22363977138981334,0.4755864364250928,0.08382662792936094,-0.2353007480210165,1.4033699701251907,0
1.2235688824186275,-1.1472946255053775,-0.053120653017545344,0.3891591956679287,-0.6256772874962124,0.2014782127808213,0.9672585023844397,0.3721054726068629,0.28436609548484343,1.0964692338108837,0
-0.3920126399191296,-0.0827410977063967,0.6934789119139937,-0.8627757640431206,0.6170059495766975,-0.0280895412624406,-0.37800188947464286,-0.47883745600840416,-0.26363786535725625,1.0599363840466218,1
0.8890371222798921,0.7618307200455292,2.2724347204468818,-0.09791524644290406,-1.276304416538336,0.054012682614459816,1.3307118085695226,0.5222506360177785,1.0632275764718249,0.5737444210044131,1
-1.3631740045928105,-0.0005387150303572952,2.0243096232868525,0.46217266608194285,-0.6619821777966091,-0.13361287958048834,-1.4042611873624788,-1.5981243518837476,-0.891292581314849,0.18970616761039566,1
-1.0039573720814985,2.716986837894043,-0.9218598131253132,-1.44964521969853,0.06934433703625043,-0.5324915096164263,-2.8722071155822038,-0.08343796979036086,-1.0424924091610372,0.20726732939894396,1
1.0399046873960764,-2.0011318131410682,-0.6690727386599166,-0.20932367715186612,1.8260097135469362,0.021958035043319543,-1.7741997155416662,1.4711703274936085,-1.700535013449398,-0.6056155397368641,0
-0.0635245746153551,-2.655458393788477,-0.8000385643976464,-0.20298063739565708,-0.45730165508679,0.24448252221286457,-0.09193805506889108,-1.3192471945987674,-0.8208726714369275,1.2374381346841392,0
-2.8962553781936893,-0.6454316491338914,0.9980101098596522,0.3464884758979927,-0.13958962815517376,-0.003188956770777247,-0.6801460498150391,0.9163276747024814,-0.6169568268892948,2.0883747047807275,0
-0.29548031802916036,1.2542398001947657,0.5609194479412387,1.598647170504717,-0.33381948975600995,-0.1875300899527663,-0.713575207255252,-0.25879606266710237,-0.09266992445380257,0.6969544045107356,1
-0.620847598251116,0.23049760019118848,-0.7877837519082389,-0.5426737997340217,-0.47209057769712737,0.0045355151493061295,0.2785798826970962,-1.801057734152739,0.2429741794399653,-0.1681438185847896,1
0.8623934723827588,0.45898008872016094,-0.6267172245899651,-1.3796181647889305,0.513085420097293,-0.24445434105561284,-2.108367361225123,-0.971656734541286,-1.2061619173978033,0.9531250453760867,1
-0.4114931445621802,-1.7892222791180366,0.07268052432934134,1.3183023248526693,-0.03757064497948127,0.22855754937855124,0.6086182154319035,-1.9093560875072928,-0.12755841702989124,-0.08923415422144892,0
0.6082461916849685,-1.3041419952658424,-0.9457460606967811,-0.4159669279473586,0.7760279138434754,0.20276004242541604,0.823583456310127,-0.09662367001488972,0.14815098435187826,-1.317131919946585,0
-0.8372624310497003,-0.5480440041093597,-0.5888668267386961,-1.097302527632844,-0.5391227031489786,0.17122565449870128,1.2498041447188184,0.2167755637626291,0.6357463460657322,-0.6078752606758179,0
0.3946715298229811,-1.0550395660941754,1.6699045043514062,0.5885784044206096,0.4446026682201407,-0.001431043522631997,-1.0720544401679153,-0.5805234498047227,-0.9832812647692253,-1.1958830620351844,0
1.0075136898369221,0.6587946987555704,-1.8665399513606162,-0.6004235657387051,0.7906255991627686,-0.17100006233326592,-1.1364755061819192,1.4196030045136372,-0.5320258385470109,-0.684629825760004,1
1.543243528272189,-0.6334048186063799,1.884586305934609,1.088748619704186,-1.1196174332890112,0.00033785947758590586,-0.6310443191514494,-0.372206776071053,-0.5823435183922642,-0.4888494217862741,0
0.07814306296964744,1.4345063257133497,-0.8162172445419648,-0.5639474880582432,0.13906039865341766,-0.07134662068868172,0.6876398024193326,1.105900424357309,0.8482993756717246,0.861636124497944,1
-0.2081168572725397,0.18187417327145006,-0.0332299906444608,0.10855970577652314,-1.881849045497639,-0.06441935881646137,-0.4945667505400274,-1.1437262073206618,-0.2616237048597188,-0.12853751143893075,1
-0.6355578414044034,-1.1019538537380325,-0.11676591579524663,-0.5495402745955349,-0.3212427661179117,0.19796565401280483,0.9757818506159437,0.9153902755601617,0.3027948212753577,1.7388513518533313,0
0.1941076309533577,0.8925762566162128,1.1797252083607102,-0.23052462518025083,0.48387665118803974,0.11266997342322238,2.077949491444807,-0.7179188907476018,1.5749655628844659,-0.5312142946075985,0
-1.2935076252040958,0.848152551214622,0.07125374991089249,-1.222895019555564,-0.9181269834165748,0.0020601391296061053,0.8713882673756942,1.9203675021442612,0.796530684976474,-0.695694877197064,1
-0.20661127969604665,-2.513665036356656,-0.9627325652846123,0.1704637709965709,0.15697296096843422,0.24717886804479322,0.07844897112263016,-0.34254920085776497,-0.6720290976462303,0.6102161695892225,0
-0.8798143535020543,-0.8896576423663518,0.5628808601743548,1.6850142787085094,-0.5309708978119645,0.18410727887469272,1.0428820930811549,1.230874513154735,0.40633833732706626,1.9870611116994412,0
-0.2634482160822491,-0.9980693674487001,0.0953441994413082,-1.5648027713620551,-0.3020454994898642,0.18701393219562334,0.964803823616566,0.3496500472996937,0.3256592045205712,0.6791427754381955,0
0.22323891412915967,2.140666449157999,1.0560568090660518,3.1377485336599937,0.28555407485765694,-0.4175292704604655,-2.2418293702253886,-2.1356742139786955,-0.8079510097086058,-0.05489400061628639,1
-0.9600462952794637,-1.004223758144488,-1.6548874362282961,0.28872366282502326,0.09337237427665124,0.19052211075082523,0.9954943982321917,0.7324921027798023,0.34336803982650194,-0.12270893359572414,0
-1.1482632887526183,0.8837517889090462,0.8113965544915921,0.8297324178791745,1.5379319184125528,-0.15059915117458625,-0.6967665183383669,-1.2995812369275976,-0.18839083495185618,0.8187776437548606,1
1.1486373494287152,-0.9558594250132549,0.20056919723094285,-0.810252437014381,0.06167984984797165,0.010228467230126683,-0.8501946487860613,-0.7345915767980492,-0.8140099185382831,-1.015821818978397,0
0.49568188797260465,-1.426108791483383,0.8700677306887542,0.21743287317972287,0.3649610024662254,0.014197228731172072,-1.2796314073319168,-0.19068240076334658,-1.2215632106021408,0.15041890514357642,0
0.47704082722312147,-0.8650890230832635,-0.04692057887918407,0.3465038817307158,-1.2829922241885696,0.008111520606345972,-0.7814942511313342,-0.46770120131189136,-0.7443477423931795,0.07682189106025536,0
-1.2961166642498945,-1.2351476029307344,-0.7699960661974573,-0.3519213178165091,0.18142662011397137,0.1963536851493909,0.8254029146801628,-0.48720292119492714,0.1691177161845013,-0.4561208274741882,0
0.501782736167545,0.1816590021184442,0.1600182258527877,-0.5482872964906009,1.4484992298929262,-0.0676001311248156,-0.5281991516351964,-0.15589817793666752,-0.28302846414812405,1.1173988159024608,1
0.487872284871074,1.990221978650694,-0.6414869090443096,0.01914777741575206,-0.19090379172729868,-0.35013538239314174,-1.684523857479828,0.42588720619303577,-0.4974883576056656,1.804348109786743,1
-1.2207124259141586,0.9600075988466961,-0.5505368494915835,-2.296180953137238,-0.14778031881747153,-0.16046353727130183,-0.7240016622802695,-1.4438548161335418,-0.18377686895421855,-0.5081401976473109,1
0.46877425607502377,-0.4100437232609899,-0.6022120603617805,-0.45709625658627184,0.30179189981946597,-0.019153192866493016,-0.6120346772924721,1.66125921454787,-0.5061407419204611,-0.9983854391882915,0
0.3614173172731029,-1.5130216392390157,-0.7296024698074095,1.0706105599791862,0.5723903111756757,0.2014614592402985,0.6006689434449501,1.649480894323921,-0.05329048700719206,-1.2931415437586478,0
-1.8800100339077637,-0.7765728366692618,-1.5350402475323597,-0.6176416769336966,-1.8831502080585838,0.18414095887315046,1.1565330171768242,2.2816518365388427,0.5109336183940014,0.7127120288613313,0
0.7608466543114778,1.0139777675151236,0.8875039674140593,1.5280313593878327,0.3883120054234496,0.02496150988826774,1.2781239197443144,0.6715311717290534,1.102260920621863,0.06008599461516361,1
2.3079162506161106,0.9215418036386123,3.2430929695947333,-0.1581538443723203,-0.10633700253131496,0.027476192108293048,1.2119333977655848,1.0126374096440718,1.033713225295537,-0.18144906924751675,1
1.7963608229269636,0.15162103782602931,0.5027844268951942,-0.14896930976729691,-0.24268127681203333,0.1872340711511492,2.1189651560256975,-1.365824155415439,1.3882246355790955,0.7060789138151315,1
-0.9455068799427312,0.7338925258054884,1.676393027208203,-1.0753123930492379,1.1373145423647293,0.03303926456061625,1.0823768648052148,-1.2070216478572156,0.8976127256775969,-1.1533505105959594,1
-0.7534178703461835,-0.5595725026801666,0.032004149065766624,1.5615111967268527,-0.6777153697521061,-0.022079880974082356,-0.792591595539789,1.301741289398798,-0.6636593519719188,0.4599721429391164,0
-2.205566057099069,-1.5288583570138274,-0.6047446645382127,-0.18452535765584954,1.2748750412787222,0.1986808251046704,0.5555894766835874,-0.6243453897132241,-0.08644531443132021,0.8970661968871322,0
1.628396623128538,1.411268761951734,0.5689830791852754,-0.5535882417079946,-0.20358036010236177,-0.04258865476799905,0.966486481847636,1.6777008140764407,1.0185814430660685,-0.3791277409874871,0
-0.36650702036805183,0.43930717322300317,0.9514492770580866,-0.062004009366031745,-0.9244659881295544,0.1462350873397729,1.9764607467532591,1.2468917155347194,1.380402597555747,-1.703871586826719,0
-0.7121738641760436,-0.9018001938981882,-0.7076258948220261,0.47004418736820214,-0.8966422273152082,0.18564014059377953,1.046820815778567,0.4322629506341555,0.40535103405835315,-0.11066536855732945,0
0.3216978061960136,-1.2942562766489596,0.26739231407190295,-0.29027454418865134,0.9920423495365228,0.015050231066690681,-1.1385698380596743,0.9190764829877686,-1.0941840075155718,-0.6680904536430488,0
0.8157372125392968,-2.151668948264283,0.30740669780910074,-0.27681329988892067,-0.5830774385689385,0.026540980507885455,-1.876871540505984,-0.221253623585772,-1.8089176454526712,0.8604734883597454,0
0.23924686411114954,1.7023693544670135,-1.0727430257398065,0.7479102561175338,-0.9193845915864234,-0.37622507925031967,-2.247012170084793,-1.9792998103757877,-0.9370993647178372,2.0740826697499735,1
1.3736585451629577,-0.8941759556307192,0.5112025995249807,-1.830632896856457,0.9528745472029388,0.0031831607610358793,-0.8624125635975608,-0.6540756831274238,-0.8040506120535044,-0.13744851462769186,0
-2.8722622132816493,-0.8772383561123245,-1.169916835710288,-0.5327008396619114,1.772251596669744,-0.007559411024368533,-0.9583033860431819,0.5136001065697166,-0.8600387772952085,-0.027514905050636255,0
1.1398785611290454,-0.43724736106636275,-1.0065425652796411,1.3175975356079597,-0.11806852699107874,-0.013818360519355156,-0.5832422494624455,0.1684609762696143,-0.49568086687002705,1.3171150673398653,0
-1.067802921579193,-0.42060420585636216,-1.053682419146354,-1.616310608436588,1.7106133725819253,-0.00788695044311253,-0.5042531437826021,0.7999419019420501,-0.4407755609712351,0.9503075919735757,0
1.050654396007612,-2.1546705811392037,0.2010990467149675,-0.05761879703358539,1.1870303055603801,0.02651602116616935,-1.8801410279356072,2.403415585238275,-1.8118543826533653,1.1055259329579838,0
-1.7518288067517191,-0.824549613800724,-1.1543626682329844,-0.6946003691631446,0.15805348992013185,0.18448839178686374,1.1121162691408322,-0.45909031021899177,0.46897015802540354,-0.3899237065594453,0
-0.08087849786546131,1.8931489301291418,-0.09139955750911445,-0.218653277435036,-1.060605066396601,-0.1730347283733921,0.07881986081318382,-0.4545477187434442,0.5936466522329733,0.05225849049748321,1
0.45768658605355206,1.208247979552047,-0.6068651778571754,-2.120700152635066,-0.4997301761516306,0.10969772975544188,2.3629877379264173,-2.238231233324972,1.8464963996454213,-2.7475048427252347,0
0.37976763604089603,0.8827774139306889,1.2376537575119981,-0.3975577654917214,-0.31030770538490365,-0.01960739771528043,0.6784414907709722,-0.9701242603796436,0.6840302370707524,-0.9680457585102453,1
-2.025807873111377,0.8478070610501627,-0.41790954576589057,-0.03901951937754412,1.9114190871397234,0.12196004326096292,2.130696655516551,0.7793490039053323,1.5955829621177344,-1.0708524186844388,0
0.4182057558879721,0.6954945017358167,0.4258436586298291,-0.07722104522304557,1.063940987560856,0.0628733980199353,1.3573407167599494,-0.6073544332122114,1.0610773601766177,-1.7760117540484022,1
0.7579218499236196,-1.3748361172296497,-0.7309562757154733,0.35845361820962024,1.8486088332964115,0.20260752095258294,0.7511542559905545,-0.5353350870162231,0.08188753867773314,0.6855077387902041,0
-1.7476365098282616,-0.2385359965921141,1.7120402840178925,-0.8767737812118448,0.47543068252662346,0.2099953233147588,1.967202810662366,1.2208212988130478,1.1798812325500332,0.43477006455689116,1
-0.029262813684978354,0.9008405013518855,0.37710039390218647,-0.36961033604363397,-0.05139372358848624,-0.2553967691046434,-1.7806373818932835,0.6215718898560508,-0.8713033349256126,1.1260502507721681,1
-1.5975991695954321,1.8671300345030661,-0.9245641143780999,0.664927162301741,-0.21345677935043825,-0.18542878864747597,-0.07745844080821218,1.5301951988633513,0.48700167290588164,-0.3270173176097711,1
1.1618783026081905,-1.0418615553096258,0.07005216311318138,-0.16882172319001063,0.23836898273478513,-0.005310016899353983,-1.0996037376285421,-0.1044492185374715,-0.9969797892343647,-0.9273531341905741,0
-0.5647740041709423,-0.8296542335808879,-1.3776175007542373,0.43295982536069616,2.088442772869925,0.18301978400025906,1.0915730435169604,2.4267164863455224,0.4544676995830408,1.0213832954293984,0
0.3161559571827783,-1.6228036130085353,0.3350580290841175,0.7318707042882956,-1.5355721232071058,0.21290557710038918,0.6109114682176788,-0.3294477863470914,-0.07831511200475318,0.46926758980852623,0
1.7473631979155582,-3.0336879215390136,-0.9489165208248372,1.52100622715938,-0.23655528721894603,0.27494210925636936,-0.1508726877538824,0.46667098196608103,-0.9668829741853248,0.9321915642603847,0
-0.8469613483183278,-0.12795042424322567,1.5945050632249722,-1.4400508825942944,-2.153390113603715,-0.008086688241619585,-0.21314842134734846,-1.0962750868952018,-0.17200469155359913,-0.9913923494563072,0
0.41960997202411815,-1.4303920907520797,-0.09445871444200275,0.7597122954841684,1.279464931657751,0.21366972279467863,0.8117122073089031,-1.8179792253871547,0.1043641472258523,-0.8638829605897661,0
-1.3122191934314063,0.46740845864662584,1.0817667276728287,1.4313667818311835,1.3289333195354096,0.1467280073664193,2.009793344067543,0.33385996656853467,1.409624750731874,0.6220699903060487,0
-0.22272070077660705,2.382519660281395,0.9331280723410693,0.33260751032419755,1.4526167454861794,-0.22611805093612666,0.011421978622676687,-0.5717460419560614,0.6914016998582899,1.0651719657143865,1
-0.6141225650083162,1.0842754030438575,0.1455211977682408,0.2927154821418534,1.5886269280435958,0.02491280616247453,1.3480418406876142,-1.2883076174635377,1.166816866387271,0.14098269961206,1
-0.28487549336967083,-1.8536612457838513,-0.4911537471421047,-1.5486182988637467,-0.24149744587077882,0.21903832317389668,0.4440503957558831,-0.1767741631157821,-0.2504964180409201,-0.2561797524953801,1
1.7117084801423434,-1.5933059489305865,-0.172946059923423,-0.8848027140269009,-1.6135613978767411,0.003945665631727061,-1.5548441598567933,-0.4432822511915103,-1.4442235609042666,-1.3719011429313563,0
1.0237095461069814,-0.5504201749820434,2.012270445700765,1.090980425185967,1.0450884740847535,0.16905708856153048,1.2246408104023283,0.38680852068920263,0.6190954760642602,0.24930859564172886,0
-0.7582820688875902,-0.9994646210078816,0.19502498402812674,-0.4516594761596227,0.6227112239002686,0.18704354300792092,0.9637170386887058,-0.0739475656083926,0.3245688810720094,-1.1306153349375263,0
1.41093237974627,2.1388104280666775,-1.090399077442846,0.44194064956940904,0.018849622944847662,-0.3052037362025323,-1.0636098024898526,0.16865467196672768,-0.060791093432344186,-0.09858813228426173,1
0.8177662992002871,-1.1009171479831954,-0.025026958745143917,0.4746982328799528,0.5578103063518622,0.003386061979194522,-1.0674101890891579,1.085895565831578,-0.9935080386859846,1.3902075490173134,0
0.4631847952675847,-0.6015218325270004,0.2965755451407618,-0.47949296739924335,0.3113086734428849,0.16908554383434282,1.1737421737914822,-0.4430440211284823,0.5721213118607005,0.19729226563120644,0
-0.4482246163001494,2.4026341511973794,1.2528426344274837,0.32910677871012955,-1.9689231424160831,-0.2676518850712246,-0.40477543019442397,-0.5859276733177553,0.43306066498615814,-0.6922503292658964,1
-0.25890497370407733,-0.17708219495737354,0.28328787154614216,0.2011596558728393,-0.47490365662252443,-0.020141346424944816,-0.3890172659061768,-0.4646172972983931,-0.2977187287225155,0.5866938014752747,0
-1.7485319732381808,2.281445428141228,0.793488720552213,0.8108082731597821,-1.6624919880356743,-0.3486045254954719,-1.3766707244125993,-0.1343087414705478,-0.21849974907920378,1.3043402428781525,1
-0.23950192202174977,1.8307347123377613,-0.09294420661358828,-0.6113852473886282,0.18641616974404632,-0.13742565909265841,0.39039324428378996,-0.5806483025539511,0.773447152666797,1.1168337755299542,1
0.8335289616089246,-1.8933397952460542,0.33088023221445706,-1.5558956462036273,0.37405656984757213,0.027940605559541955,-1.6033531589353254,0.2337859117907477,-1.5611634916355748,-1.9937356425714554,0
-0.06259312789952241,-0.21205393076125434,0.10420110395187607,0.2811914239693758,-0.28067507686677406,-0.016226049336832592,-0.3829209914395044,0.7589285897867651,-0.30389238258329254,-0.7539645888666763,0
0.2078025073533134,1.183304503940913,0.8407344821295493,-0.14702542343084998,-0.5321685631271895,-0.005087558867809881,1.1320764711805622,-0.5501152829365389,1.0582029462482105,-1.2926253471522626,1
0.13106518621584873,2.205892646884495,0.4004813865063287,0.17775010626803134,-1.1952937635992447,-0.2186764560024326,-0.0873560592113789,-0.5258796758952039,0.5779981986203112,-0.07744346072599365,1
-0.09184476433495513,1.9961919921059448,-1.4990159604584012,-0.8449414385934964,0.5483196275544987,-0.2184610180350619,-0.2951869929273272,1.0094717885959688,0.385892941637112,-0.08743532877718108,1
0.26125053123385605,1.2422021072000606,1.2119439853864005,-1.3659557112005343,0.14338846734225108,-0.16617230964162719,-0.5012531271284187,0.6835693232004776,0.03861203219095541,-0.36927713924620315,1
0.3011073391917421,-0.5379819727753716,-0.3596296724524624,-1.7858664919341112,2.6930336639804966,0.166995313128747,1.2154415870591797,0.5731278132412001,0.6168293867703688,0.18383451632250436,0
-0.45888426286894,-0.40465850099976763,1.6839276914578687,1.0470983026121545,-0.03850846950070721,-0.012785392779285124,-0.5397399747091225,0.22445181855997204,-0.4587164505000893,1.0786808334312956,0
-1.146345393018688,-1.9744313899020076,1.633431532301096,-1.1430049127304835,-0.7542758500193579,0.028985623944608855,-1.673618134590392,0.6387302220291846,-1.6290392203202433,0.30263546523903323,0
-0.39352985596972884,2.2473752290114213,-1.1195461283831687,-0.08371795984921201,1.2292147842970504,-0.22580767653840716,-0.1207153851764533,1.191707497107065,0.5687404662131404,0.1786947168104756,1
-2.9403886346642802,1.2720618031306674,0.5935567222808619,1.1337700968670645,0.19473619471877485,-0.23429936751004243,-1.1870723705937813,-0.194908280352681,-0.3880314282649216,0.655900776529761,1
0.5844129804724842,1.1474377326110659,0.10589445311523424,0.6863184569567008,-1.5642416117110514,-0.2592123239772374,-1.5736630221479597,-0.4070363129267805,-0.6691466051403253,1.9764405845154855,1
-0.9822940342546795,-1.4784013139306698,0.4535087125544674,-0.6582484123338483,0.446872500802698,0.2073933329278089,0.6976738362050525,-2.4883273534129895,0.01820979831872308,0.058984221589597374,0
-0.8950698422766047,-1.0891112663275695,-1.1755946056248516,0.5532512199847837,-0.9483480042242007,0.18920148757667316,0.8965732268032965,0.17183933979353122,0.2562172000817639,0.5972282182533848,0
1.5213160519224513,-3.6016707461845434,1.2171585208254965,-0.3223204692113399,-0.4316203127180484,0.05326540921451244,-3.048831491463274,1.6153756894694418,-2.969014035653291,0.9983108981479604,0
-1.4485914146335441,-0.47287237063389287,0.03823799496002834,-0.2346205699574138,-0.05020461704174478,0.17485603581194445,1.3632572549155348,0.8584511166566653,0.7293291235443176,-0.29967664800678706,0
1.1401490385212665,-0.8963621607001993,0.49822174849678513,0.24650477843200488,-1.0150941918278686,0.22452901396097003,1.4608310633794312,-1.111457956937032,0.6696416512150403,1.5805406865683735,1
-0.3574454228104272,1.7815250210760767,-0.19003903500149447,0.006799844559997769,1.3728484746765302,-0.30062332047253737,-1.373444579582277,2.0236062192296393,-0.360007291614975,-0.18039168176240783,1
-1.9685042134380537,2.135842779075919,0.03471374875256186,0.5136144642310962,0.8107986455917099,-0.2418946892013088,-0.4014654959313966,-0.8927875154918841,0.35855055389188484,0.6549755842216898,1
-2.1272274203514954,-1.5209260002562743,0.8467707752164937,-0.26764109089879357,-0.6028206557839616,0.22650742761550788,0.8558797918228491,0.47347189903522846,0.10639539924017634,-0.099094300241269,0
1.5730197252148563,-1.4068142580396232,1.75547569831549,-0.20447122098612153,-0.15083771156669531,0.2171119148315528,0.8714975712570354,0.38632331781156,0.1490741742972967,-0.46580556911816284,0
0.35147990035220167,3.001977019089527,-1.372859451481064,0.8946471875738723,0.04693490206036963,-0.37190402312063064,-0.8995683954755855,1.1947628618769377,0.2911717912413337,-1.9782252493748103,1
1.4558223221467665,-1.4550191190021384,0.4572804046152411,0.08199555641356042,0.7890566873755189,0.20992986932149207,0.7477484816706028,-0.7341737987784958,0.05670126830743508,0.7045065398247231,0
-1.0276751409259581,1.124091039060355,0.15985639199740037,0.09284490114111471,-0.8661748482145009,-0.16893932412184717,-0.6486558448184531,-0.5487249077409615,-0.0888453049093597,1.2657078408647007,1
0.38298898474092846,-0.1264501584728186,-0.38502181171286365,1.3883377782084478,-2.1305664798072006,0.14981539208499603,1.4472556558446585,-0.5262478565174211,0.8821111397087076,0.14125714008746323,0
-0.7725687487562407,-0.772983805991464,-0.3494393272169559,-1.3327773974796497,1.2302221756507876,0.33357347599849435,2.7300495287374003,1.2495049007061587,1.5105107881340833,0.3791531187261241,1
-0.3748220566218061,-1.1634351629573154,-2.9069882193216414,-0.36920720044744615,-1.6312758154609455,0.20071386508235628,0.9430575177557894,0.8419836954521269,0.264373416244544,-1.0385438208439723,0
-0.4036484632419967,-1.195154361085816,-0.33477533210654087,1.0299608175811612,0.42359906559346105,-0.0004689396268101951,-1.2023245032055325,-0.643549832317462,-1.106184784414311,-0.955122579349353,0
0.26348721533105957,1.5287093973730714,-0.5029747705513431,0.6897078052451944,-0.234407800316322,-0.3189271361704435,-1.8190325539919856,-1.2922626951056186,-0.7153728019414843,0.2942241290134937,1
-0.2440804736742013,-0.9613865495643731,-1.0166831285764972,0.6124687940136023,-0.1344967844017327,0.18540708850068705,0.9846741876199212,0.756788679986982,0.34880251778407745,-0.039307287627631186,0
-0.7094410024275466,0.46154334988854706,-1.371673697230466,1.197246923645228,-0.7837535211244283,0.14023224340297963,1.9356734804701285,0.42548993324023027,1.3609044182779826,-0.2885486958757048,0
-2.100026507651624,-3.1204984461246656,0.3676492929914216,-1.3993061748019415,0.885231482988991,0.270566200795568,-0.28381895931788703,0.49986412374037137,-1.0761781952471166,0.6255080168310357,0
-0.4281151609659125,-2.2523639673447198,-1.556581898659751,-0.4937565831613125,0.8502217421134929,0.020967214608318362,-2.036312921946771,0.99626681944714,-1.9390135525091516,1.5007597906343109,0
-0.40439742318396127,1.1509170791461163,2.271449745422796,1.4891131083282896,0.5697603571986469,-0.06571148012650103,0.46272034362156567,0.5055892418358746,0.6241323094670349,0.4914294527201998,1
0.8545252270666157,-0.6943771074969269,-0.6578345538521371,1.0305805856240573,0.8902475008365087,0.1760944423036737,1.1543472697748405,0.5107920885275947,0.5331494995404231,-1.091933900395313,0
1.2360931752104374,-0.5677925572523239,-0.7355299425897666,-0.9039076414647897,0.609138120907177,-0.002891223772513353,-0.5992332671448237,-0.11122606134870032,-0.5433154521448429,1.091310120594269,0
0.7211353625455816,1.2175318459030922,0.8814075289235711,-0.8729610904537004,1.3554428011054958,-0.07531797532655773,0.4285354304878535,-0.21566763754763232,0.6215675054136994,-0.9162741005637249,1
-0.5132135664715852,1.1965438097235512,0.7408243454201259,-1.0021874557814727,-0.9943493746085122,-0.23034800441597242,-1.2212195609568415,0.04091917539572113,-0.43138648184880923,-0.22859991534001858,1
-0.181224173218103,1.0084549847708966,0.7441919714999368,-0.6475418056351592,1.321304032273012,-0.1958290913642244,-1.0470097534361598,-0.3583401520212222,-0.3748444349428437,-0.649373038321426,1
-1.3554475031122892,1.721530507760632,-1.7938924978678903,-1.6873443471107104,1.9532591375265682,-0.12941274074577866,0.365166837543056,-1.153332403205745,0.7260800114628856,-0.7090209576304904,1
-0.29983819627488056,-2.3251983577391844,-0.24338397937501807,-0.2739930818293042,1.6259589153620633,0.23540112628083007,0.14353384218752008,1.5628887685081978,-0.5766073060773769,1.904136589573007,0
-1.7073579575929467,1.0242049754272091,-0.5358014630522978,1.5337277099164992,1.2358116200069387,-0.26873229849326896,-1.7971428603834974,-0.6292633936927887,-0.8463528642460973,-1.1165244399486591,1
0.6031874310823431,1.5689606514384793,-0.3286184757489846,0.638391925608383,-0.1627929060722942,-0.2721270482349459,-1.2870294295821214,-0.9006207346478687,-0.36620762738986445,-0.5441140021141926,1
-0.9399031011088647,1.01020515902709,-0.7691423497872982,-0.7627247785662142,-0.19382613877280352,-0.14052520182285727,-0.4642400259483379,-1.6075598643689741,-0.0045187931039785585,0.8294748419317485,1
-0.31771509675623405,0.21790065867836494,-0.375196380323937,-0.6163614080394775,0.5576910607251245,0.010037729846803976,0.3237649257940889,-1.2601647651725802,0.2680311266027619,1.2816437950037687,1
1.6073455760199926,-0.6401034467307074,-0.24869112618354708,0.28257995048829965,0.7348777860498175,-0.014591453353584203,-0.7946011558763555,-0.1671217137864115,-0.688059504676268,0.49097495163825133,0
-0.5892716517893062,1.0014936639607266,-0.002403840918853844,0.4751677464953816,0.8347513263248821,0.023007142473554437,1.2450840232700964,1.1038773433162576,1.0777090720498708,-1.0921636327180897,1
0.1946074552372427,2.936695106330549,-0.622649361734452,1.695051040430753,-1.3200225112207058,-0.6525343773568729,-3.9132429017680406,0.043602446372453724,-1.6400386623814063,-0.7424705856980482,1
-0.3078084711388841,-0.48086747343610603,0.4086073077017676,0.681359510442948,-0.8866809222834573,0.174974771289123,1.3564945650798115,-1.1022921498364233,0.7227417138702693,-0.838585798447231,0
-0.7567639770159263,0.1791539895304809,0.23278674294016363,-1.2992163634458243,1.1945922205137307,0.14003611657083323,1.6506935393990212,-0.1131280525157404,1.098967791689708,-2.1899217049785533,1
-0.29660745906979835,-0.3600051931598124,-2.529560077694303,0.5581395145185063,-1.151014083619507,0.17031033839389575,1.4285797327106096,0.04351466864346608,0.8031928950200522,0.241321934916781,0
1.8180619225578247,-1.4044945322505278,-0.7330329955239894,1.631856899089109,0.5530400858523584,0.20428146422222146,0.739026421272239,0.20232879642280202,0.06567469511278339,0.7751554940347831,0
1.0383788510193166,-0.2815835070527358,-0.5835993263460049,-1.3971181851129912,-2.832155598110569,0.17318591930267935,1.537359150704392,-1.28716356858425,0.8947430384039012,-1.5193460754768424,0
1.6614701657280182,2.8436781986291897,-0.17585440443207118,-1.6431888111541673,0.23070090571868349,-0.4926955688842033,-2.327186381612445,-0.10325476014904739,-0.6602445750658572,0.020886488295961788,1
-0.36682441181468756,-0.5823332432973984,-0.23893209916969432,0.5467335682013793,-0.9224101844985025,-0.006800924685440986,-0.6548761142852871,0.840620026504553,-0.5828015911467649,-0.3917581490438219,0
0.014688194729197093,-0.36628320973926454,-0.1340171666729177,-0.6097829043193822,0.648280433843859,-0.011176234119777554,-0.48438701143923446,1.196631486645651,-0.41257003514402996,-0.78489831308224,0
-0.3670278390833223,-0.29321612992142176,0.1764415552772252,0.6931056072631441,0.08614388304637476,-0.016715208865411363,-0.469374599875076,0.42881650033057295,-0.3820616198919239,-0.8275902206487197,0
-0.14451867071551783,1.5963941483140418,-0.6751782749743815,-0.7449026448064491,-0.3079615296390403,-0.3566684288535871,-2.1477264030703043,-0.16306696394376388,-0.9045244114872518,-0.7924199209999613,1
0.5212799050138145,3.1146072536238343,-0.7146806769904318,-1.3480471119401671,0.16805980596682024,-0.39447947356285185,-1.0239018056061089,-0.37058276240078286,0.24461274267659905,0.3216785413765001,1
0.5507975722736632,1.9280542363668909,0.4080528468367557,-0.43112556957509907,-0.8256536828021421,-0.18317139899160959,0.007296001250404749,0.7828737349485725,0.5582811767957023,0.44477380783159476,1
-0.4872285641135523,2.0344242789933418,0.34767648353833636,-0.08152267310164589,0.0341524174880246,-0.40011310141306033,-2.165298717879149,-0.5041798310076715,-0.7898930109119693,-0.6757080791616118,1
0.4190190093660452,-0.6787991866681999,1.6725723868377034,-1.2096410186912054,-0.05576907765770601,-0.007271659581957661,-0.7564686277189558,1.2276689924732922,-0.6749724626898168,-0.7050118557584089,0
-0.13737178839939665,0.35558249460105096,0.8508979621679722,0.19358991136754436,-0.10322175293249623,-0.046824294635789375,-0.13568063841139744,0.26256132900192497,0.016005102064051615,0.3904648499288896,1
0.6687416555925126,2.3068578256662144,-0.005596018829046555,1.6744924333475373,-0.387099702474401,-0.342690828168096,-1.2890820030863803,0.4577728661518858,-0.15561903024574172,-1.0917008761393143,1
0.0030460201534144695,-1.2344299635360476,0.1605739810498646,0.1704162223754877,1.1906462747863413,0.004297960501178083,-1.191593331453568,-0.38817681854122876,-1.1106530316368637,0.43693816974634986,0
0.43192254467394064,0.022042716366792336,-0.6414815952229522,0.5161782871149584,0.7542913298135743,0.09598083919846595,1.0304476912659504,0.7250957868479971,0.660247193827002,0.8004095252276823,1
2.0895387216947734,1.4531142438386175,-0.835142901630023,0.15175799224874037,0.18474057889572446,-0.42425417418677897,-3.001323293774174,-0.31984752325484395,-1.4873567881268839,-1.6076610271180587,1
-0.2500465145989528,1.153722453015625,1.3924653000643288,-0.6706202090766449,0.2603218387712207,-0.27180401053044295,-1.6996533069578899,1.0005823180429783,-0.7472947866133034,0.28869362927985703,1
-2.128734094414812,0.05745708687293771,0.0785770297191498,-0.16563141031763223,-0.9797212247168068,0.19101275131018447,2.0643228194031273,-0.5938114080687051,1.3265091663704458,0.4581681147886987,1
-0.9878733409007492,-0.217030813945582,0.2837510236615011,0.6952029000839993,1.2496189052966666,0.16612140158234293,1.5278140144752617,1.3705361439967134,0.9072223913150262,-0.8468509661253646,0
-1.0227925651984056,-0.9115036472473543,0.6135179727304166,0.1200313267182613,-1.6685840738775894,0.00048050455702393303,-0.9081665758912727,0.03800347816820029,-0.8380616442395521,-0.2573765374233451,0
0.8301918118626102,-1.4451000000880716,-0.772659445270824,-0.6769951384585313,0.4512253193185082,0.20091464997429176,0.6629733686424686,-0.952316380738797,0.005751688147268352,0.9003985883950636,0
0.11502607914741717,1.4511780345686027,-1.8751724696457446,1.3404504460231446,0.6713400764504657,-0.3392195243009012,-2.1098989398741126,0.31917451041918043,-0.922218861890205,-0.1601327955666404,1
0.73463754545933,1.4440934311411495,0.6928557558178116,0.3958197810959231,-0.2841550979287972,-0.07800032544600728,0.6273418518381011,-0.17909328501615626,0.812787554168117,-0.9858038086678267,1
0.591814133741378,2.3452419649139937,0.6728612359668199,0.019616657693989903,-0.573601772896901,-0.5300532072733101,-3.2190332971608977,0.4384757388097273,-1.3693353012472909,-0.3540407109410238,1
0.41644603810145264,2.3762526600218883,-0.36146276669398575,-1.0147594931858521,-0.9823035803773146,-0.27189946265701564,-0.47583100300685177,2.0860470495371137,0.3803935279949273,-0.05390484900573916,1
0.5225141052657575,0.2148399618660053,-0.8304444065565653,-0.8082657216409264,1.4015985929464294,-0.08814276809788685,-0.7107744737072492,0.08531814256502405,-0.3893618577854899,0.4183982208886837,1
0.271495310825648,1.598378656362553,1.0176614668435024,-0.9175028210142636,0.3405892164004968,-0.3669865157358596,-2.254138797287322,-1.1225448062444139,-0.9714833800667024,0.5514762752395233,1
1.4223698616985077,1.6760807206873474,-0.5975101946916416,-0.2515388860444957,0.9788580507817954,-0.4293028004432953,-2.8309785529145906,0.7833905092825955,-1.3152307496236544,1.7388996637975789,1
-1.3340254949182044,-0.8591316505096062,0.1053755061459599,-0.9683444548636353,0.31978193414253697,-0.008887362096553414,-0.9541139913358613,0.5500520990245519,-0.8521807679828769,-0.6013676439512137,0
-1.0257526836402773,2.5361057151407294,0.216624975404619,-0.9379255765363989,1.0613709648731335,-0.21723448176321206,0.2586260921179262,0.33855287628591424,0.8923793912755461,1.1008213984226052,1
-0.1758858124323366,-0.024217374494897248,2.1709427174978138,-0.8432465953161917,0.5514853760404675,-0.05872548529069799,-0.6412259918930878,-0.24606248812994858,-0.41387330416670653,0.12320480678448567,1
1.7495767431869393,-1.082536391087258,-1.4026052717996935,-0.6629009175509482,-0.6929051977959073,-0.00815972638117481,-1.1702936455427162,-0.7019916878067554,-1.0535192878613069,-1.243863235391285,0
-0.3135296861723979,-1.6979235174909317,0.3674816654743044,2.98525900260341,0.4826878872092127,0.22438748877735126,0.6562781865963627,0.17521141890851205,-0.07109668035853862,0.9218015019772522,0
0.7441857103150346,-0.44565537407296274,-0.23596998721097162,-0.6342858476894031,0.2668183962954019,0.23826686845753636,2.056712217165612,0.5964411375817527,1.177208056999847,0.42154608353656126,1
1.7193779062072967,2.544720666767988,-0.6058608207588934,0.6929186230316111,-0.7666565877833479,-0.563499297287281,-3.3705608921948,-1.3386057997232488,-1.4082126527253824,1.9925153531681183,1
-0.5388418561927383,0.019954002965221873,0.26044226333355597,0.5820265670847269,-1.962625691672579,0.1501272135839787,1.5972106044579264,-0.6967718184295749,1.0193126254212757,-1.008554684076208,0
-0.04541121793223822,1.115277011218479,-0.3871306497895146,0.8595878869798019,-1.9196731561976563,-0.3270563831149557,-2.3186459543187725,-0.5495571359085801,-1.1511445757229728,0.02538842054241018,1
-0.43548637056984335,-2.4337911015544673,0.7094518171390395,0.1904996797790664,-0.2595466775839172,0.01765998071044258,-2.2528260439161665,0.33198033056901455,-2.128509593598057,0.5131057981760827,0
-0.9425580057918763,1.6835925846206168,1.669069525826331,-0.13006029355362003,-0.3220281544920584,-0.1280478745364815,0.3414968247485428,-0.5561187467607805,0.7001650477835475,1.6147787907098514,1
-0.7280029412291344,-0.9778452432293605,0.020793707675407894,2.0574954697116987,1.3748764191481848,-0.002889106985288526,-1.0100334559922262,0.6191542610051978,-0.9217562589112017,-0.18289644110484016,0
0.14171691363990474,-1.588200624330073,1.2130976999791834,-0.3164084496948019,0.39331783939437187,0.006863853738077954,-1.5190711048885093,-1.092312764672579,-1.4200561182931586,2.319329539981694,0
-0.37061433208610595,0.13197851532355864,0.5436001545944323,1.1727290192593647,-2.8485426206300755,-0.013185170007930232,-0.006295608894209548,-0.025554070991445278,0.033903176765854144,0.7716987106483447,0
1.0743180127155614,0.16901618836655008,0.22907468820570256,0.0516609768510798,0.9040175547613144,0.14251345835640933,1.666563374089344,0.9583858198420424,1.1061275937525779,0.2243396567780826,1
0.4865016438262019,-1.0602608811750573,-0.07049877805909122,0.5296927543567308,-1.9754665663538713,0.0067827221828758,-0.9909926839705603,0.056649924897107164,-0.9333391645983128,0.06447441481012024,0
0.8840453963610497,0.04616835145044251,-2.4242402602729416,-0.7472116791478234,-0.2813275571182134,-0.019267919817703733,-0.15617151971407184,-0.021367294348436157,-0.08584825888930188,0.7368438970924334,0
-2.3161438629688766,1.1569934169764458,-1.1996975283653082,1.0697714549838502,-0.8281962729652346,-0.02470264867482806,0.8996421285364906,0.4968735905075971,0.9031457786319392,0.8580141953021454,1
1.0859821161750323,0.6786095935428631,-0.9354387020445953,0.6153674840130534,0.8080577982811451,-0.026862762831455635,0.3976663843301127,0.738810480887503,0.4472237166322552,-0.535963445114048,0
-0.2666523292344148,0.2568299544008078,-1.423957152450145,1.5334337012963255,0.5885532697707198,-0.08152004260841714,-0.5991280704116055,-2.211861911329507,-0.3064538955064755,-0.42924442029866183,1
0.7591551603026468,-0.030434514611128005,0.541462728204788,-1.8019804375800197,-2.59104229214491,-0.03211933984942241,-0.3679337155736436,-1.1701130260593595,-0.24222852981564458,-0.5765104007267194,0
0.22054142701386686,-1.4714638735502528,-1.10486279306252,0.8333339117803071,-0.513196364513396,0.20078098895718502,0.6351557783272456,-0.5482687949250771,-0.01947175897453826,1.2179591523055584,0
-0.41521376790527154,0.3080153947446027,-1.3495762115515322,1.0819848092499422,0.11137260184005242,0.11553076690160086,1.5223464706396719,-0.7798529462216388,1.0545225614134373,0.03402741107223205,1
0.42192075423528475,0.13170908889362543,0.32135721545027307,0.3287624103034804,0.45353430151397983,-0.018556332627372392,-0.06299435441134349,-0.06413834659299254,-0.0021549615103306084,1.613711269058647,0
-0.49757083838520716,0.8721628969795694,1.0018248536819372,-0.552920837367302,-0.7597031174802871,0.010142748938845987,0.9803586487504065,0.6647027453331099,0.8725775031923969,-0.782003492511037,1
0.33868731792169,2.8875747537079253,-0.1421465369405461,0.5904220612514635,0.8723153800284503,-0.34863893348826636,-0.7697650730308474,0.7313802525749924,0.3406931735547063,1.0294574815983573,1
0.15519068385897913,0.6082202693182461,-0.32789471651291785,-0.009300321138614417,-0.8671302157109003,-0.13097520342214625,-0.7666483337872441,0.00020706491819709385,-0.31185788443126117,0.8250982646676347,1
-1.1738799644089726,1.1879393801704197,-0.581782033392054,1.6291663649009451,2.067906338163552,0.01431137163519226,1.3405229683490063,-0.965664803523208,1.1918130933573992,-0.19793772898468187,1
0.1846803058649084,-0.4504736337079205,-0.3653215513121087,0.13653533108273744,-0.9716140385106515,-0.0042319013826993025,-0.49577911910930816,2.013387247526623,-0.4439751499238797,-1.3471262895296965,0
0.6927227551168594,-1.476480065605366,0.22526411724754952,0.01840163078343813,1.7025146581296056,0.21640649637914955,0.7942899439369664,1.7549330716472415,0.08007364618320233,-1.2693304965466992,0
0.46248362406685406,0.5428798979740146,0.9603047962814704,-0.33638694541113623,0.1722543864110375,0.09393723253566626,1.5307926813409365,-0.26265952031616774,1.127325097168038,-1.1793691216326172,1
-1.0773760769847582,0.5950412981785543,0.8794170411374032,1.451001438131336,0.3131321400131553,0.04218692568981092,1.0393692587385823,0.33085130461557777,0.8304484122090946,1.3764964500195378,1
-0.796025856803489,0.18640679563671614,-0.31905393566661816,-0.7519693317388191,0.02131164867194222,-0.025228187960014605,-0.07828771092593434,0.21319662823768915,0.0038466839884440628,1.0760071385985983,1
-0.6273134459513029,0.5129227610267653,1.1806409124521446,-0.35667313417987123,0.05119790188108534,0.081637160265143,1.3715561727172387,-0.18315047105329468,1.0176719656470672,0.04522270899998256,1
-0.35802937974698623,-2.3725241774530046,0.4912076654119963,-0.6121669171548207,0.7396531517246714,0.23600208329717498,0.10243276843483717,-0.4835614838465371,-0.6162797284025505,-0.13939720066323416,0
-0.8342818100346248,0.6031439703819854,0.5152943216244674,-1.2790307362197864,0.570507208354516,0.025294468296846253,0.870016937270092,-0.27999330187447974,0.7253049103290511,2.184096733380456,1
0.152354872033722,1.17184504577847,-0.5240883979345925,-0.409282438113104,1.1210306673244714,-0.18554231254604164,-0.7752412716774131,-0.6947131310890582,-0.1554630317715838,-0.8224199323822006,1
-1.2376624223272978,-0.3846985106022358,0.4822489526806572,0.7426824183597224,0.8872908372667421,0.0673973707362982,0.3226483248026293,0.07595526791608741,0.09428293688840733,0.8691560643892732,1
0.0976703767483354,-1.6479927120475701,-0.856498237409199,0.4201915428949916,-1.7931064525345768,0.47235765966130977,3.3114486595457655,-0.9938626748348534,1.6282005594453997,-1.2644984069549656,1
-0.736770135947622,2.0806624263557216,0.5859042011646491,-1.4068150094975382,0.21853404241094568,-0.21560505540507718,-0.1805535795864479,1.3254321090950785,0.4828949349932767,-1.4152671919241875,1
1.5739867632900328,-1.93202978194911,-0.483186462299374,0.647195939702741,-1.4643748802098202,0.009026144725898173,-1.8408289117382348,0.39922312260527926,-1.722974583440648,-1.2257656630023412,0
1.653617268492285,1.1261003300909171,0.31952467078295543,-0.7284616216803428,0.996118214911129,-0.03297191094107754,0.7818151367881133,-0.37185788227866556,0.8195021787605804,0.13988723283912738,1
0.2522403964266774,-0.34501408015952795,0.09175248444837286,-0.06418817710849775,0.21471318317052634,0.16383575640673462,1.375577777090687,-0.19469729611668168,0.7738628692823702,-0.11622904312195817,0
-0.6537663386488198,1.787303372754536,-0.9057323008626189,1.2619215007139917,1.3744380931708173,-0.40861697860546675,-2.5022242642159007,-1.7730324682068814,-1.0746665602093501,-0.5956612940434921,1
-0.9735461997044687,1.3136919981284092,0.8071225966373103,-0.49163618563204736,0.5054701591666269,-0.2092041003101595,-0.8817160533061735,0.20965941527462578,-0.18229933632957096,0.47635776935621926,1
-0.3493167961181975,-0.12460311383094369,-0.22346598237185214,1.8381836767951225,-0.30317978283427544,-0.01927077619739154,-0.3272935621075066,0.36728731340134063,-0.24347949055589982,-0.01941960588773261,0
-0.8911922254152874,2.306036407618824,-0.2685306479058323,0.8968393158655319,-0.7191533192424201,-0.33868301416765756,-1.2477993326804024,1.6122206282554243,-0.12965710634998914,-2.151815401329305,1
-0.4108142879545848,2.6996824147307157,-1.0909664302151982,1.1267051368275833,-0.21492103028873533,-0.3763464411468172,-1.2491019904372482,1.0325462043416573,-0.01744619430365164,-1.1057046684859357,1
-0.9040682897360003,2.0363998073334453,0.19613145902390733,2.3200407220172594,0.2579759812211809,-0.22472587864554083,-0.32072160156917007,1.1218578562304709,0.381234683757773,-1.548960525053475,0
-1.3303136257389898,1.5279430550267004,-0.8987840483231282,0.10435593752321293,0.9216501119244593,-0.20842870839273006,-0.6589166313748083,1.617212574968624,0.02061152901169115,-0.1891203907770335,1
1.9389289990582848,-1.4958930455293644,0.12637957954641182,-1.3459796802467485,-0.6777449705248515,0.015408381305111473,-1.336822429918415,0.8712972974572442,-1.2778953031731433,-1.0003313246055747,0
-2.4878086565350794,1.01252283802731,1.4185313451480366,-0.2880388739220764,0.33802348110170816,-0.03111633459974758,0.6875189100870085,-0.6277339060845056,0.7270478247909151,1.2769653860881878,1
0.9242701395378298,-0.9720832171333054,0.32782117284308526,0.003375506597160999,0.08568716140335904,0.19571760669114505,1.0822785522475564,-2.6357477390168778,0.40767020650232555,-1.0138959522925377,0
0.7846042878980238,1.021370078254405,2.412615421612916,-0.19102776260016902,-0.2628908292082677,-0.13536527116173327,-0.3988445133880627,-2.5623336587953105,0.040186974237307126,-0.01926037973439464,1
-0.6057149230033384,-2.6883164011130987,2.1573082132655035,-0.48791140814570266,0.2992925804064919,0.03597469479621898,-2.315416864427805,0.6779258713392691,-2.2413177608946553,0.742095372009307,0
-1.1196698946261439,-0.06921911283089965,-0.36244094140313216,-1.7397137787780996,1.1608267873785194,-0.016308697426945545,-0.24068633850869725,1.1487657003721035,-0.1726151183061126,-1.2946814757209058,0
0.4240610444640897,0.7777107875538982,-0.8096035199216461,0.2801611588196068,-0.014452270878279104,-0.10874275853387076,-0.3632681568975292,-0.02640575695892703,-0.0072045073510166365,-0.47383934707091613,1
0.000682818957482628,3.3924718372347824,2.049812095785926,-0.7191094514491859,-0.7908993816675531,-0.41918110170370604,-1.0050280695091858,-0.8239354869719996,0.33638024440863185,0.7821300015314592,1
0.26028050658288615,0.4719047817394264,-0.413465161123276,-1.3260476860820383,-0.9571509148950429,-0.025278310391354666,0.20721962504705593,-0.35976864578908574,0.2670106516685219,-0.9637589262106109,1
-0.22954865536034708,-0.24195018047042616,-0.6039806259692295,1.472670675750982,-0.39247110606087293,0.1729161535921327,1.5742327487098549,0.8760467925297942,0.9295237826064732,-1.6394841625254342,0
0.7510994545073101,0.305847224303887,-1.9754877712171375,-0.47126374070251964,0.02845758118315888,0.128086059650705,1.652078683810485,-1.6891830379672617,1.1362274434468906,-2.0650830462563206,1
0.2871241652018242,2.015617721991549,0.9531366339132451,0.23321613126350166,0.36150352520610163,-0.39199506677916135,-2.0988534450777956,0.7082144232565571,-0.7531275413609303,-0.6124373746404379,1
1.8296202017160872,-0.9842542750673301,0.8929538701087693,0.8936976893891109,0.7123221595801621,0.18834849181649566,0.9926655784160046,-1.1967886464263116,0.34730722809686676,-0.40968659262949736,0
-0.1524698363805439,-0.369077024770729,0.1335409047822823,-0.3091164642025014,0.9567023167945841,-0.013123193598147972,-0.5076406020783963,0.1920491164900316,-0.4281289190969296,0.7081086766885905,0
-1.9663565893760018,-0.5135486891566603,-1.0448091940210336,-0.8392096673390064,-1.1032083657216831,-0.004994765673716286,-0.5669871416392296,-0.3649527295428853,-0.5072757855996921,2.056207129940322,0
-1.1308884353259157,-1.776695423993969,2.0565435648295414,0.606850593215671,-0.9263811299815384,0.21886866578172173,0.5193782950969935,0.4200944904518413,-0.1805925184841375,0.47363207681145447,0
-0.5089636257074988,0.3028015662738892,0.39241596717876703,2.7596600389110777,-1.7690759048891183,-0.07152647408953848,-0.4480788865300318,1.0602099074988798,-0.19739776095150705,-0.025574312191994436,1
-1.7607627591558177,-0.5670242949571802,0.5655096456315442,2.601683114180395,0.38115838488277776,0.0028939555304648332,-0.5376851379612907,0.24075317948856828,-0.5040366732149596,0.7533416211045325,0
0.5432980290363879,-0.6190144073014222,0.12229750303228377,-0.429405541125253,0.04059169120388238,0.0028108217324162715,-0.5906462390322269,0.12522450264790727,-0.5525747927508815,0.04886007032570433,0
0.985729995679863,-0.9825634540922881,-0.18714426500454878,0.4283070972076486,2.589563642018614,-0.008129079547606026,-1.0698110695309482,-1.0623935281468797,-0.9610457255325349,1.1873860515647512,0
0.547264797377967,0.12188006698985088,0.4818660617184915,-1.3224579567435701,-0.25495579355369785,0.08921310489057957,1.0593714203200655,-1.3510743662080213,0.7072708966767144,0.5488838353173644,1
1.2083662305931424,0.09586868641768209,2.061503576636398,2.006092888159123,0.5925269492011831,-0.02218633663562674,-0.13703843799211401,1.5421099525678756,-0.05943477147334412,1.0240625258114624,0
0.8950383140761154,0.6765956133714324,-1.5811907020321334,0.5087250232299338,0.14679301198554937,-0.030760615178826542,0.3546982375706478,0.2671266510114834,0.4193779970774854,-0.4830610516834395,1
0.2647753109779796,1.9171772653811479,2.4851899166788916,-0.8505352787470439,-0.15171443357722914,-0.15326899422727044,0.31054981862030384,0.6030946849488336,0.747601315914162,1.2753907379990148,1
2.076747983560841,-1.6417574812548092,-0.3216350512173826,-0.3492577043184288,0.43004164719106963,0.02010047268278698,-1.43366610965891,-0.3486521344078592,-1.3812376293915873,0.38193545223155334,0
1.4436320034688142,0.9963622441989476,-0.493122822399772,-0.6897277740641738,0.8132051867479773,-0.12364054402884968,-0.3007206642423358,-0.01383774609423725,0.09527479691437821,-1.2565068942792563,1
-0.035825578706462934,1.493662593425022,-1.1115802495135512,1.466540859278603,-1.5678594253654559,-0.09170671594184289,0.533006310768893,0.6870657958589163,0.767156692696269,-0.531454551359215,1
1.775310892609512,1.0290729695878487,-0.646227309843803,0.42719436187168486,0.9191541736100015,-0.16668126909450195,-0.7201294150715489,0.9694572005267368,-0.16148706464826104,-1.19363683175648,1
-1.4769249275319014,1.3520125430795098,-1.0973683189710666,0.15776143929376948,1.1918993344135729,-0.11090092837985371,0.18943818202638785,-1.3902219251534627,0.5084543150297405,-0.7393714074590363,1
0.19405194360587402,1.5375561119154697,0.3207857259326839,1.3119837385739466,0.2869558543017087,-0.12700295842692996,0.20616398349900067,-0.29748220087385013,0.5723482699899413,-1.270061088712032,1
-0.7584953347000695,0.8211206644069245,0.03279699541158651,-0.04865235157045115,-0.9242331442683044,-0.07564869762508135,0.027905584700468777,0.34378788154988543,0.2534979845374874,-0.23040071420576733,1
0.5825713188088052,1.7122796907277098,0.6928575842374367,0.8496119885162131,-1.9080021371233076,-0.12130519522413259,0.4410755907310888,0.14304876987895235,0.7715949457007344,-0.7999405067019342,1
-1.148794035158656,2.9428252505039847,0.6793732829565033,-1.0858251288851855,0.4625912928539512,-0.7092978727984202,-4.503451968861004,-1.0872459388628026,-2.0128224000385995,0.6663125009092119,1
-1.1300693390403578,-1.3326876696138221,-0.41619440488525394,0.7505791675217656,1.2571492168625729,0.217254224903511,0.9472584015900292,-1.5171736966716791,0.21843750876554402,-0.4500128579958137,0
-0.6520888885930607,0.2630054563258397,-0.8476339286190848,-0.21804589539237385,-0.7847619081277034,0.14994121988481668,1.8387642801945203,1.80930634973311,1.2423950456715713,-1.0896330373423884,0
-0.9533286082587124,-0.23750768447421433,-0.4827435221820324,-0.7991920066502536,1.6246784584695606,-0.01259341653036924,-0.37025850619601974,-0.6459641791245353,-0.30316600850782477,0.12267031599479553,0
0.9134737320174066,-1.1987706376794898,-0.41222074502447015,-2.390304367469438,0.4281862478105761,0.41707657031372475,3.180737271747442,-0.5969742867210739,1.67424823586952,0.5376299029498797,1
-1.6065771007386793,2.4145415710263407,-0.43676423723821745,0.8260471714415063,1.3814540786904865,-0.4508877764538653,-2.3179007423830393,-0.1314725956716678,-0.777580845656777,1.7495839042054206,1
-1.3158158164275071,1.1145990255628728,-1.4359095238685275,0.03944704824073949,-2.132595626154836,0.017317669146099505,1.2986287548760387,0.4240668615184512,1.1441671341798938,0.2810092502818063,1
0.7215625051261435,0.3465860416056856,0.30381859560487573,-1.3810446031537749,1.4532606633210343,0.021665941624099797,0.5748565221758315,-0.7859860326349823,0.46432543515163477,-0.23086637384476896,1
0.017613251933657315,1.5301149556251954,0.2257615231117544,0.8232799156777053,1.3035079319347591,-0.08422816763743567,0.6480958641371618,-0.8130143722601298,0.8506595022540707,-0.97536602727825,1
-0.7517910500951843,-1.0513844722381638,0.29875290836568624,3.193107567844861,1.1484457091967548,-0.0030046975789477038,-1.084925112581453,-0.18047991359062565,-0.9903993561755456,-0.4263575962055433,0
-1.6304732437151401,-1.3469028981171123,-0.18689615816198485,-2.9911359709007233,0.7774073527645112,0.20273474863315352,0.7804765500064993,0.08520944963390106,0.10851651011981611,1.205994516546816,0
-0.3409078773460798,1.4432363385641345,-0.5193963718261266,-0.13699548944245826,0.07715649621771674,-0.0897846359147269,0.5026785473711577,0.6789312900592783,0.7334306584075282,0.4283166923752375,1
0.14035986984804696,-0.2044181724481705,1.2005316584738726,-0.24852861807444937,-1.1171864617070024,0.16108031498746042,1.4874892593529367,0.23402445435314795,0.8852542695589083,-1.9670697035871523,0
-0.06100397185538355,-0.5719317493146174,0.32297450361766816,-1.3724655478841008,-0.5336003064391669,0.2642485336583424,2.203159168701628,-0.501784192811532,1.233881697450277,0.5002404694365699,1
0.45838670355148425,-0.5080166586263213,-0.6373077470287948,1.2289805024890619,-0.5846177306571996,0.17189906176776543,1.2969813675178894,0.5348173363459102,0.6771788692586495,-2.0870270186020687,0
0.9022771737866472,-3.3146989445291424,0.015618333949603047,-1.405567019178642,1.5192839236417688,0.2804394980693579,-0.374656287138347,-0.370508098590029,-1.189588878274547,-0.9077561801469204,0
0.5820977034686158,-1.1171877388957503,1.221033695525353,1.8540925663341883,-0.9594392367234797,0.007311304325745455,-1.042473180631539,-1.024186824329205,-0.9823553122251284,-0.22648409884983192,0
-1.1716543473175618,0.47665319129688644,0.018819049740598424,-0.37630072492499606,1.8972886947731116,0.13693817714793813,1.916204606600044,1.088769654216672,1.3528884301610535,1.6957228778108653,1
-0.032280611049470324,3.120861884149537,-1.8400777445057528,2.5115565515844236,0.12307820165618115,-0.4075297465709719,-1.154740093040545,0.3467099776049199,0.1633793998896548,0.6405429350747734,1
-1.433151814524712,1.3177608263740428,-0.14994071907910936,-0.4629395120252583,0.4936548476431509,-0.0013862243219937979,1.3056709846629837,1.090861670603698,1.2069751080187026,-0.524662407066803,1
1.8876876573401904,-1.3522339328773578,-0.41360553342164424,-0.8603850107795019,-1.3354815690998914,0.2006872652621299,0.7536248844362654,-1.907807557877391,0.08994572754161109,0.5565531245337582,0
-1.563190808696657,-1.5180264436879924,-0.2918112689155441,-0.2523535021262876,-0.07783719701280203,0.016209370988864682,-1.3505822714033389,0.3230792731160291,-1.2929829617985165,0.883109777147159,0
0.3076126681891964,1.0106240768621297,-0.14037505890533644,-0.8369207037962799,1.3522026788671444,-0.007811378934420953,0.930455753703921,-0.9163209190734197,0.8806692227300115,-0.524567013767051,1
-0.5282970466629792,0.7080938974036446,-0.20252422706483003,0.4809080927488954,-1.422974925261673,0.06529569824175832,1.3954121697282418,1.1818910929599615,1.0888553188104715,1.036087651046256,1
-2.049941278577478,-0.7665602926639258,0.714609790636618,0.224216404290793,-0.336254738681072,0.19550191814025075,1.2859212807123308,-0.5865312695639355,0.5959179893349527,1.1590740649558977,0
0.18384954475369486,0.25327191208270106,-3.0195121558208253,-1.308820399119112,1.2389463529394373,-0.018315309871700665,0.06132882094717562,1.360658595838651,0.11164739103163804,1.8005111815108537,1
-0.6497652268482671,-0.9005511629202533,0.8745170741325226,0.4794415180860639,-1.042044412243103,0.1792204966342483,0.98062815437684,-0.061764199860128925,0.36370413233513427,-1.2032008553891445,0
0.30047435961082836,1.2132243633865003,0.32674476460232005,1.4524675344707454,-1.1388331177807691,-0.16910399878831334,-0.5610852544415093,-0.4532484090230134,-0.007678284283648513,0.6222071440434019,1
0.604120889588518,1.15207668214268,1.0683793336940164,-0.39622967810175985,-1.479444223139724,-0.04839555218691417,0.645801259812872,1.2395840064415615,0.7406476285785976,2.303638752104789,1
1.8577023435377324,1.4508061023045151,1.4974316831796264,-1.0513099116393445,-1.2390527025266425,-0.05614887508281589,0.8636359343567497,-1.8316822472060261,0.9646663047536147,-0.10343122429028392,1
0.04600274725327412,-2.3025667596238386,-0.23811043631205406,1.4363354057059785,1.1727568452674448,0.23309842622698249,0.14201602335749663,1.186734620177331,-0.5710717217452932,-0.9046143749937661,0
-1.0718572330401555,1.5796836192726498,0.6704806172412126,-0.07576428653545988,0.8178896580250287,-0.4228686626488864,-2.859960301194109,1.0391117874202687,-1.3613033851105614,-1.5537587660160643,1
-0.022868062298882122,-0.48659470048727327,1.2969945465611092,-0.6078219870944325,-0.5047749212282174,-0.0060113577004238875,-0.5506627538220039,-2.1218548990085946,-0.48917641875986717,-0.9993022322949108,0
-0.35316629281068834,-1.4854929916446629,0.19438430157733602,0.32579631658216646,-0.29540141013902943,0.003005559588892635,-1.456705463901723,0.5796331732135757,-1.3509861103182559,0.33848384346169114,0
0.4430021304473752,-0.8910581404042963,0.041325632270618466,1.494938227453236,-1.0211624575603002,0.20071735974410354,1.2159825547835847,-1.7312013034449254,0.5157849577215537,0.9515497705740428,0
0.12557645347154225,-1.03287910845658,-0.15005558703252672,1.3757068133116195,0.015579047581467534,0.002814502470075702,-1.0052491682036926,-0.29756350335999193,-0.9345234422730414,-0.1730718242838696,0
-0.692420979873856,-0.3655297567225728,-0.42930222451725997,-0.03703679704841202,-0.08310557262869477,0.11645905344076163,0.8572894265342768,-0.6117690909052854,0.43906820651155526,-1.4063174636718339,1
-1.066234931899225,1.443740536587404,-0.8153756283161211,-0.6382827265284942,1.3313390619884031,-0.040289637297041034,1.0231724234389579,-0.8319549174944512,1.0638785338986307,2.1247714030169615,1
1.4775300810552618,-1.5914413231764364,0.08840688629184736,0.9553052085705107,-0.19365945927971812,0.006318522323094755,-1.528047075881549,0.6963874474567153,-1.4266828135942113,-1.141689114133505,0
1.0071333364731596,-0.0691115196106693,-0.9733788380270346,1.1464408704007276,-0.22747625995340778,0.21673184043907245,2.207718397281658,1.259233239786799,1.381162502930823,0.3361449630262288,1
0.17847666388538974,0.9792557634301321,-2.1770650464428547,-0.18150316213566714,-1.4741321320421057,-0.006310983745095441,0.914791534730395,-0.9951484818533795,0.8617211989434667,1.4288577078135674,1
-0.14700200162848862,-0.6506804547107384,0.0438114719791096,-0.12982069973342616,2.2105230015913513,-0.016064268265292243,-0.8206712419127747,-0.1852876588777083,-0.7076407098561366,0.9638791167949097,0
1.341475915530881,0.025321733216532305,1.0114630354083562,0.0036956718478473255,-0.4853058353678683,0.16182726081510182,1.7255077540363195,1.9625871905307948,1.1022707970046524,-0.742484232538384,0
0.324359281721603,-2.208712060586317,-0.9037018607301281,-0.024195606390916165,1.1876793884615637,0.0301188175842126,-1.8964333903022401,0.40373009033660945,-1.8377117452741263,-1.1790397911598025,0
-0.28313889674376713,-0.42600934710312144,-1.1617838439123638,-1.869816339532164,-1.2094769354188053,0.16504978150656624,1.307184874972531,0.45060341286253885,0.7072028111364853,-0.30085974714082625,0
0.9343199112392737,0.5065387477490542,-2.553921134901955,-1.4848979684499035,-0.22476540189268354,-0.022718173219797803,0.2688151102059164,0.9495541354413237,0.3160442018602048,-1.366878698415421,0
-1.46752526575244,2.81511182822828,-1.2391070756539009,1.5490201514951873,0.05088770185601806,-0.4901985994882183,-2.329573504445765,0.1018562952619867,-0.6699624198137211,0.16476084123651674,1
-0.48388583405432156,-1.44992994458645,-0.6514180036144483,0.1979107834626478,0.4241659464019164,0.00805192938129414,-1.3680590812528592,1.7359638031652493,-1.2845193905972359,-0.32034730819432017,0
0.5798572852951321,-0.7467531995881151,-0.12951724686344077,0.5835443030118876,0.8555556590207121,0.17738662867610444,1.1154484190652267,1.0417246640588513,0.49342438520018683,-0.7068925679873489,0
0.8539759765522237,-1.7189555130262582,1.5541604207147741,0.34233783448962146,0.4632885301181062,0.20200335349192286,0.4000415736050472,-0.33513778117145177,-0.2397427430170041,0.41486550036191044,0
-0.07566560432583026,0.16283646995152679,-0.07397286359437803,-0.8028244439508423,-1.385987942398998,0.17341039359269608,1.984971683730584,-1.5769964821909972,1.3064135474719782,1.9725421767898081,1
-0.33078922432755736,-1.5517430287634473,-1.1036698285303692,0.5221425459339358,1.3305749040390402,0.21980039164102644,0.754541569983876,0.9784221120280351,0.03323733978550406,-0.7801991291174627,0
0.07287409801551539,1.0839615110629974,-0.06468860503251848,0.8201581867554845,-0.15024298879825998,0.002686819506864026,1.1142237140199671,-1.1430193120737286,1.0183467902760612,0.0731969910016945,1
-1.5137143926128271,-1.9123679252053067,-0.7084067669104628,-0.060660813814620775,-1.5841359430054898,0.46358562835675093,2.9544192208055775,1.9011906857530074,1.3257145024543993,-1.803139676255945,1
1.0587285298838789,-1.4478319954052978,-1.6685992588781953,2.8684030556667683,0.7719201548366751,0.20945133903854823,0.7499217129602183,0.012499321907250335,0.06014421247330436,-0.17280173739646437,0
0.9325908318730899,-2.279904495624656,0.22468472575188592,-0.39963618561460235,-1.7608088119807759,0.016435505758648307,-2.111514757781431,1.7269638512334051,-1.994644713273854,-1.4183657329330317,0
-0.13427916218630415,1.3930969851746609,-2.438817158276429,-0.5827586576115821,0.9262154022415924,-0.38159403502172495,-2.613270726882727,0.26536234939962844,-1.2583346392630976,1.42274813609994,1
0.9475264621228578,1.1337772636905568,1.1241127199860135,-0.38851845308888583,0.4070522871245351,-0.26271647923261626,-1.6241633840618093,-0.018708756445897416,-0.7051165868612728,-0.7728776678236091,1
0.22423474453529177,-0.15507314554467988,1.855503314794263,-0.059415181272494094,-1.611567359102828,0.22556705509678948,2.214417149571287,0.9495945713644882,1.3607291570029818,-0.3464265060068996,1
-1.4055630538562867,1.0924874572497756,0.02263085267686914,0.6333268260712385,0.1986800095474069,-0.03730965440349916,0.7025673354520039,-0.48827384245154465,0.7595597598608939,-0.9849931258170151,1
0.2606737658239071,-1.981451184183412,0.4940301862827388,0.39580353343740904,-0.6716233679380516,0.028764715778627443,-1.6829719419148819,-0.6255627015095294,-1.6369908764970378,-0.5503051538454201,0
1.057368305378225,2.5949467108930238,1.218194711754256,0.8394685045184047,-0.3150867311941086,-0.2783455763193977,-0.32444854929800804,0.5333592447054494,0.5392593334959989,0.8721970000729778,1
0.19157739619408962,2.639409574157696,0.3556689485632294,0.08669769941439659,1.4473056993918065,-0.27259843469360784,-0.21952341606969483,0.34756161380355205,0.6186121059274813,0.5062409893059261,1
-1.2239402667622565,-1.1923179401966846,-0.6492775450660071,-1.0147567306928669,-0.7699732310586418,0.005242729019648529,-1.1394766275838304,-0.5816809139486437,-1.0654873093032808,0.03408346825922607,0
-0.4242363333980435,-0.298358937475943,-0.04551224530124217,0.2873289044030093,0.32950873557300914,0.17044952321005435,1.4918039689283986,-0.28744751940035557,0.8610167679561963,-0.5698329282387588,0
1.1013229577357622,0.48228674368234004,0.4441983272906719,1.3845320475939062,1.3462257562027482,0.08718524097138468,1.3991501404226825,0.2525688459966235,1.0263856769611492,0.46654531145012695,1
-0.4501892648514116,0.900608216888958,-0.13944627568099954,1.2038844371688162,0.6012067489291149,-0.09386739714369095,-0.08386120081024395,0.6157711497711416,0.20539656010500276,0.0005279588565972928,1
-0.9266983088473107,-0.4432760926590925,-0.41299782214343406,-0.5574230531083212,-0.8484286341908146,0.17011848556476356,1.34313693533356,0.5950294658355647,0.7250595892317659,-0.03143917037477642,0
0.7214793237573432,0.04876179481827081,-0.7353034606819523,-0.5244481362626519,0.7574951493374855,0.15075477055024802,1.6326655145569107,-1.6566232076777738,1.0500844659544564,-1.0501407396021456,0
-1.2242982362893657,-1.2901447086996742,-0.13845598398377382,0.6731813512699584,-0.8505204542093001,0.0025216917587314092,-1.2660739370615004,1.2897527540827456,-1.17391688116468,-0.20902325728602528,0
-0.6085897232397004,-0.7512091368761726,-0.8245141615276735,-1.1062935124116342,-1.0565576427602528,0.1860060521929866,1.20153878385879,1.1356201471829441,0.5467774003171783,-0.5289777080640152,0
-1.7762463334664518,-1.7908715360161511,-0.09546424708907303,-1.0040545968420103,-0.8330560570007587,0.2153375967677681,0.4680785692928313,0.34980002456790754,-0.21721784266081892,-0.08059974929676088,0
0.5078357562896237,0.3671874857500048,1.5284684264125317,0.26859227886325693,1.0725073373098022,-0.031745232563820065,0.03436501965733485,0.0570131248970845,0.1272477540219643,0.538296079049633,0
0.4891871301476635,-0.1536509410007333,0.3506300992735592,0.17958178193959795,1.1096998419562232,-0.017601884539303142,-0.3388627344398293,0.513907849658915,-0.25916247586962615,0.6347214685617699,0
0.7688396759688968,0.3534687753221849,0.04930833152022263,1.8904406851557827,0.3631156277445234,0.09484493784105051,1.3505622473959318,-0.7316317389085281,0.958561242757921,-0.6082265074447593,1
-0.463161362085399,-2.308179353617553,1.2002617497388293,0.5517407999109204,1.1539007342557472,0.254280418646637,0.35892845627652903,-0.4511588584089988,-0.43503174587997995,-0.41142660711600243,0
0.4663583744463345,0.35013549748045947,-0.23401985910698136,-1.2575778589146163,-0.07595102364252276,-0.07370895155780749,-0.4235849570291822,-0.8108575112103382,-0.16826182904057038,0.9873345165891019,1
-0.006521315229458062,-1.779822323044606,-0.20149153394751798,-1.1376856704248166,0.6683404887180808,0.21292910237128235,0.4538451599995287,0.6515219913395057,-0.22307745965189565,0.5987943895619102,0
-2.1056469418403245,1.7871568968378568,0.9778155496862003,-1.2845842656999693,1.3863493972628433,-0.1720881990504881,-0.017427010712484092,-0.7170161491279362,0.502132633132739,1.1535903433169254,1
-0.15129922023252232,-0.5069009318227105,-0.36550593698526584,-1.1071568168024517,0.5913492417584003,0.24545690635967735,2.070889397345678,1.2960630617813962,1.168617840265361,-1.3957892021924851,1
-0.01208894784605456,-0.23287203593466854,-1.4511756900515589,1.5111549302473475,0.3636318826249679,-0.045152026507150715,-0.7076711468631385,-0.12754912037753421,-0.5159554139233925,-1.252393444413119,1
-0.20931381957936157,0.2226733527534166,0.6833289928110694,0.03793783544760203,2.3638724946193608,0.07233089275261291,0.9829913445911937,-0.7632861041785816,0.6877437766024747,1.0729780477660118,1
-0.15852957302697002,-1.4551549935728392,1.1965715016644913,-0.9730689408815555,-0.933267959073196,0.01542802447333456,-1.29580153656199,0.11958036841415326,-1.2401654759919891,-0.02730453950993186,0
-1.0534155631736561,0.24076925792252646,0.6127739050625697,-1.0399059271255309,1.9140313538667861,-0.03194893503995808,-0.094430592254098,1.1081828167375165,0.00921295757646236,-0.6237689606958051,0
-1.103589317215771,-1.430807257274902,-0.9885911071509175,-0.09833962679474989,1.3920022863445993,0.00018580981611157892,-1.43154103973287,-1.6929568141953855,-1.3193135755740422,0.17989415115347845,0
-1.3717431292635056,1.3310867538193225,0.9788895585567792,-0.7097889922335351,0.8282296901846228,-0.04369740104210074,0.8745055977364701,-0.6143231440962944,0.9371860884030042,1.6087808557343735,1
0.3098207102270275,-1.5524081688012266,-1.1875984190295128,2.1451491277733883,0.41379909745149823,0.013211078368943696,-1.416528252634481,-0.8353470532597573,-1.3447048850610532,0.6337768809320985,0
1.5232386217122582,-1.7245362402368367,1.667224111551137,-1.1780408673763807,1.78179890877106,0.20650053748154382,0.4416972652933695,1.1834936668899279,-0.21491076275993518,0.7356219972457467,0
-0.4711246518178786,-1.4646615735673656,1.0826910538870733,-1.5473039889383655,1.32579664754219,0.21082716609437557,0.7475148226356618,0.486036289417637,0.05378410652097332,-0.09363618873917084,0
0.3687331473175197,-0.9948475434697207,0.48206672733538614,0.8141517621182666,-1.92767257934561,0.18260060367572714,0.9216657764844286,1.8325570434792018,0.2992091563319044,0.39379729821625153,0
-1.3367254388759306,1.8706303723696758,0.17528677893392386,1.0235306441853447,0.13192796677195706,-0.16247819639194275,0.167164735904055,0.1566937282465246,0.6432435906963624,-0.4118233689636573,1
-1.2417605754816243,-1.7556271841376432,0.2577525401427507,0.07748051851886253,-0.15525904882474875,0.21748877774370307,0.525989139626039,-0.9519184600222356,-0.17034744739003008,0.33417641724489744,0
-1.1840305582225594,0.880616458536379,-0.39767969361460404,-0.12372894627483615,0.269294752580734,0.03788850272795966,1.2803217597621466,-0.3828171896129687,1.0653602413515284,-0.3998990621311371,1
0.5079913269125437,-0.6767718137311274,-1.8362053731032966,-1.331232953557778,-2.152890592952483,-0.011632791488371551,-0.8002549965044649,-0.7859894605079495,-0.7021769259633941,-1.1033666061738736,0
-0.7893385057196743,1.163445689769651,-0.4519493719118777,-0.19539035117702397,-0.21560957856802238,-0.03382307128595713,0.8102884081781773,-0.7239903317426091,0.8482951111297043,-0.0070449854805546995,1
1.4122205554154292,0.18365822913024865,0.02421945667275807,-1.0675329142542729,0.4523717962497339,-0.04523840051111919,-0.2912664159385535,2.062524919243145,-0.13209791799974957,-0.07964139124571515,0
-0.17435425790283585,-0.20899599733439733,-0.02355215087423812,-1.0196643386921156,-0.3695269288333586,-0.056724073234935155,-0.8053248733657004,0.5646059258936003,-0.5710699000336724,0.22530792204094158,1
1.8998819348952156,-0.3329922018682694,0.6725737012027313,-0.24125765461854246,-0.9745293046706415,-0.0115745097779147,-0.4552177484494885,0.40981865692851255,-0.38449965858606444,-0.13263374638257355,0
-1.7863754653546866,2.027607362958088,-1.6380290574360168,1.7031726099180378,0.5827375831738644,-0.20124430607210345,-0.08283586501647977,0.9955815140020298,0.5296711133887659,-0.6220348055543814,1
-2.219300372747535,0.8394157919034517,0.08589300629333041,0.3278795241593574,-0.8514064342603136,0.12981535392049723,2.2048166198231955,-0.12545426000290022,1.6402095627184132,-0.22979963057519381,0
1.192507512477975,2.3628168519832067,0.6802161054504494,-1.0710536796490489,0.31965182591897723,-0.46869595949367454,-2.556813269464282,1.235782191822154,-0.9440467016645433,-1.7785875840065168,1
0.5366527525272862,-1.2867217119246823,-1.0469109826819396,-0.6568942789713957,0.7189533106650667,0.008137046476162507,-1.2036502474470399,1.2004139079444254,-1.1333201541744446,1.185704154662997,0
-0.9811655311396816,0.8630422186343736,1.1941094030473725,-0.6775646523356551,0.4620608932518965,-0.23815312223311727,-1.637346858816628,-1.7258067287905967,-0.7912257886975826,-0.46440426230938764,1
1.0098170893426341,-0.19915707265932558,1.642015160136369,-1.3230897934074983,2.2524358053443088,-0.019577728040044998,-0.40521227249584846,-0.6389617476895022,-0.31433492779775973,-0.6881503451777238,0
0.8527736751222195,-0.29772666591533536,0.0678555105274033,1.281016361735113,-0.8463566549908735,-0.0039417657697352095,-0.33969728698003965,-0.4473218956587512,-0.30106420022349095,0.48473281729447476,0
-0.19646658342809717,-0.7152762260782155,-0.5164296438875717,0.4547409121411344,-0.7465783465402389,0.18075038117012301,1.1823236751325468,-0.03361256470371301,0.5449019070484765,-0.20585943088034037,0
2.2313001461926323,1.7611635490329003,1.732514999485092,0.14294309476370676,0.5008444749444569,-0.3893213354283112,-2.3256953612672007,-1.1939250063990554,-0.9701482970158459,0.6380511014407572,1
0.7307641190665245,0.056822286819865675,-1.2111719292807812,0.8925973382993092,-0.9539394193966448,0.006741711928690165,0.12775659819691798,-1.9701038177118355,0.09739059336653723,0.014273067836434106,1
2.1422703586118637,-0.8832963626974483,-0.02435459226098284,-0.573700003938579,0.4363236696740321,-0.012393653182691403,-1.0151607536349687,0.5228354880354996,-0.8978597984267869,1.7275431701007113,0
0.5925672738473307,2.63794460168335,-1.3668583632808264,0.47263034584340563,-0.6298845523638104,-0.26254750732768317,-0.11539725800093059,0.018016872044446585,0.6842694266846573,-2.704391631602775,1
-0.0033744574109520514,-2.255193859765075,-0.8181988834223072,-0.5511857163285334,-0.4532280493272752,0.025222917204877363,-1.9944382072527482,0.7783610761666377,-1.913252664191431,-0.17018462252492844,0
1.503419828428999,1.4565704890688336,-1.5614932224418594,0.8764556455029355,-0.2116669819311769,-0.07357103699861026,0.6863759236142057,-2.1523835446091804,0.8538331672610253,-0.3301200939664503,1
1.5013336519554867,0.2546775589882546,-1.4218106667418438,-0.7567950885694608,-0.25083301645504735,-0.01953213072934865,0.049953327291283545,0.9960476858058164,0.10483219257908295,-0.32267983884213575,0
0.5999287299962045,-0.7055914970285402,-1.2096947428411076,-0.14408755572161547,1.2187618516973167,-0.007193477951666759,-0.7824898648295655,-0.9393353938187543,-0.6991789800445956,1.5307508323436974,0
0.36064789143579495,0.1473635775983657,1.643378155804534,-0.3202978045366419,-0.031203488939083975,0.13421423900397744,1.5576794787872665,-2.077811819856197,1.0308126955260535,-0.863493604964934,1
3.9262377064363267,-1.8101325586062962,0.5082686396745896,0.21539650545628794,1.7246966497611085,0.22329364688538672,0.5323667327981796,0.7682072166317373,-0.18195176729159906,-2.0841129394985884,0
-0.0003136726117747121,1.168388681769843,1.7611881248673737,0.3616610612470166,0.44947391283230687,0.004844285723434509,1.2214754600636082,0.5320061988219431,1.110651987128628,-1.1818741254208012,1
-1.5763921569842494,-0.8258232602378056,0.6523228784134196,0.8836599374866724,1.3800913541474515,0.0008074649145500682,-0.8188903439000539,-0.17262729994081963,-0.7568037606158616,1.4765403497258958,0
2.165002344901084,0.03570878582719428,0.45588777208160763,0.5562300094006599,0.9278401280812372,-0.01904477227541868,-0.1643063575233198,1.328194141849058,-0.09401411133094936,-0.643518230380143,0
0.7421274910718922,-2.2289969800811464,1.639964529371393,1.3149144535840473,-1.6019658118971685,0.016142966972481833,-2.063585058462068,1.6122782579886454,-1.9496103723560037,0.0754336389015928,0
1.1254347844147694,0.9382934266200106,-0.8696630812746944,-0.9020515543575104,1.6426729532559634,-0.20922770032650007,-1.2580672535322661,0.3764095260975166,-0.5289278527929527,-1.1894118928673278,1
1.9583474542205939,0.9914553194158842,1.100959634998571,-0.2860042218801108,0.4966992232365217,-0.1978764726750226,-1.085550881456659,-2.5302875227463297,-0.4041840084299003,-1.2295495944524168,1
0.6021183203924835,-0.9401485204629451,1.5163940552535728,2.411676675578421,-0.21220896990115168,0.1868405676603463,1.0210120505425357,-1.1302037246739238,0.37796097806297374,0.07203686128374476,0
-0.14760258629866868,-0.7981438053795274,0.32316771418478146,-1.7684393655628516,-1.5947030672667954,-0.005329938399779153,-0.8556377792513427,0.14088624691120394,-0.7721752145277757,-0.46603650186824225,0
-1.4575514994649306,2.046836005286697,0.08243975293450329,0.7600559636896026,-0.7521564055905832,-0.3429928547197797,-1.5527649865473028,-1.5047203740310022,-0.3976177428459491,-0.30920907704986345,1
1.9351540400602292,1.5817102658842477,0.5114995753618614,-0.535316712567659,-0.048088507330772585,-0.062136330134062424,0.9318823179175009,0.4961991873633163,1.0455649915740912,0.8155010224442626,1
-2.2168188393540644,1.1631044077667032,1.2795186697601588,0.4243939378610126,-2.4932708203300775,-0.033394336264424375,0.8144507260831059,-0.7955570679408823,0.8508384985411314,0.5027448074908146,1
2.2909425725907417,-1.9998054384975115,-2.499405714873573,-0.32483138350862245,-1.6453987469568918,0.02798215443686249,-1.7095821493748997,0.9817654869915943,-1.6591481185305823,-1.389572466763596,0
-1.60027110450371,1.9338139647293113,-1.388542553831211,-1.0158788269899783,0.15946250680412918,-0.1318230884451171,0.5525259540153907,-0.9933586995819507,0.9059356101003427,-1.2172826922204794,1
-2.0864776583710847,2.171891909348113,0.007178466907941942,0.36414029605466136,2.212531039397242,-0.14673282894840453,0.6344108036717557,0.1493634822711889,1.0262647356106869,0.16048962397348007,1
0.3123782104665717,1.5163285554216197,0.3733485597113982,-0.7280770978553212,-1.2578681559088878,-0.11792167277312145,0.28030351598199454,-0.3600392687569827,0.6133012793636908,1.1927351654164144,1
1.5634133588321082,-0.3550290478260514,-0.35141423571373254,0.02390304328495547,1.532367724678116,0.16021698386242822,1.327525603700574,0.14488783309689118,0.7404933224152481,-0.8184286659420014,0
-0.5014021468856367,-1.8036417566988967,-1.466785190615677,-0.752435237353035,0.5156280884439565,0.20973736469761667,0.3964489861575654,-1.0022170189267248,-0.266340694350704,0.9753124584779789,0
1.0701502383164274,2.075749827167897,0.3514482075415829,0.7083038472010638,-0.8818746512277178,-0.46392781535389227,-2.7943255990654827,1.188913371474643,-1.1772038102864706,-0.026521259249060063,1
-0.4030759890650308,1.0413271109587394,-0.6749340187905523,2.046862195719558,-0.8320613048498566,-0.00736379785264723,0.9659186579231681,-0.22247489677826537,0.9119903653225958,1.991553302204734,1
0.07685188295876821,0.6268926254556384,-0.13125696709230472,-0.987179527151184,-0.6500025808234597,-0.12687885819611577,-0.7049051971083946,-0.21113023882769444,-0.2673140975576935,-0.22485598180807856,1
-0.9206735930793662,-2.3828341074072847,0.5387559924463692,0.0760053914124115,-1.4137144969049802,0.025037455896811858,-2.1242664933245132,0.5583269125217224,-2.0322937006302424,0.169360824036078,0
1.2906444609225471,0.08304831427088677,2.01527511046064,-1.889649292096153,-1.1022697404558555,0.1799670328042856,1.9739170448430532,0.3111099911431952,1.2764867239452542,-0.39719531614598763,1
0.04977368718096008,1.3323677578130573,0.5006657213812097,0.5752050161065663,-0.6603211394734471,-0.2537031192841826,-1.330506783113993,0.8903831635197862,-0.4617370867621614,0.007063158628176452,1
-0.9980606273144129,1.778136454698844,1.0519476177229186,-1.503080301759818,0.2502002062516945,-0.2091308125681916,-0.41562979960508084,0.6504500925361392,0.2468446507318597,-0.3839712719523516,1
0.1998104337187135,0.9450097917451727,0.543479378670093,-0.8463159774657358,1.2723535001067678,0.10989535755056731,2.1013316601307443,1.2637066776546686,1.6048603550959797,0.26402008133367,0
-0.07159925185806683,-0.490660392964011,-0.29396694766418224,0.849102110743144,-0.3570292008066094,0.10823755622845618,0.6455497989748331,0.6955377575657775,0.2687672465369134,-1.5178737466808094,1
-1.5166425494207911,-1.4169034196646835,0.29562448874709507,-0.1590452104000513,-1.167779551267935,0.220486903922698,0.8968467155741952,2.218780233448134,0.16226347107669833,1.4769344261182744,0
0.9407711879882159,-0.46398250461095336,-0.9896281365703375,-1.570500603623177,-0.2246331499970246,-0.005845245541054449,-0.5262629557088621,0.918316606002313,-0.4671992017676885,-0.9824873935383096,0
-1.2284438312657626,0.8654417997260472,-1.8311448783383502,0.47154238041820573,-0.08606969279089306,0.06189178536473644,1.517294326923555,-1.7710685530880912,1.2113844904819706,-2.0755880090785332,1
-0.18319661872038787,-0.20072933893283684,0.6067230591361827,3.109918556005361,0.8876554258738361,0.20339883674227507,1.9357785130482457,1.9956674897839644,1.1707958989784433,0.5345056484805503,1
-0.8031789506803448,-1.8487824394675063,0.9135846262332494,0.3673655068161781,-0.2711236010425688,0.019253772909120302,-1.6499750203274475,-0.22647889190152676,-1.5779546320445454,1.4926885689595217,0
-1.1140464501619933,0.8507963492743247,-0.8110008636288448,-0.0350076100062359,0.21273977585766032,0.01198193914841464,0.9782743118935351,-0.9899577925520139,0.8651192729716738,0.25866114785538813,1
0.02127157673606165,-0.8826771383105786,1.2382830714336357,0.5863640187550933,1.702214944635238,-0.007154890535644532,-0.9595025323265642,-0.5286166817497568,-0.862361525803763,0.3088330125989638,0
-1.3526702858435344,0.4642066419257731,-1.0293715081820716,0.40865281148067084,1.1126883749899252,-0.003289311231306439,0.43052091669430737,-1.77623523289832,0.40650609306386665,-1.5223591862178911,1
-1.8579014513982872,-1.0538835526397377,0.22899639245934025,-0.7331561971099966,0.29815846599052565,0.1867107429822475,0.9056995944912242,0.44130715169924584,0.2721245801889223,0.6032475005713938,0
-0.08071658010858232,0.0654247947178952,0.7326400772155792,0.05194588580729943,-1.9982006845321076,-0.018806949401602786,-0.13203602680638116,0.7276295436369798,-0.06500239125214322,0.07863519031609059,0
0.08958068125524882,1.5693267148561514,0.5556044660034485,0.645215585950057,-0.1512732836535117,-0.2791890837382309,-1.3608556072993903,0.5211224283793383,-0.41295227341534246,-0.1973384203073261,1
-1.17223375343664,0.5308856675909421,-1.0425776946705763,-0.32669621318636405,-0.5505519317084877,0.09645660397966774,1.5452441606961889,-0.15032046027187207,1.133051733604084,0.46436986354657417,1
-0.06418416128881928,2.1609923122749444,-0.3613105619672905,-2.6031370878272986,-0.5152183938082427,-0.15215502826541097,0.5665257471539891,-0.3021805869826214,0.9800553034642839,-1.0105982199289134,1
-0.668144085538994,-1.4213774957000374,0.9192289345752035,-1.4382779783173667,1.0800480657146485,-0.0008262206121888816,-1.4327258514660584,0.11327041053776446,-1.3173576449492306,1.8732977762175456,0
0.44921872128503426,-1.3266818566126464,0.19042388992505774,-0.38852077518300926,0.03444101170584135,0.18679200482975486,0.6332429273080946,-1.8697416996954206,0.020889290895779115,-0.5098066931908826,0
-0.3256110521485036,0.9459337939932142,0.007880184694728152,-0.24066517453021302,0.21209335307417523,-0.008091772082998347,0.8626982577121631,0.25719897035592737,0.8190944545452964,-0.1643352058853912,1
-0.2716551103260533,0.4072155010918417,-0.5466800845872654,0.17682087213939798,1.340461051790348,-0.08987305865093577,-0.536216043935966,-0.7217375533372533,-0.2233461837278559,1.673452090298537,1
-0.56060763684731,2.0662961532507516,-0.12765468151819012,-1.2551353719733949,2.052972024501663,-0.16180074011132073,0.370315093485604,-0.4776455826040052,0.828348385247246,-2.929448690002268,1
1.987275999230808,-1.8672386864640829,-1.3683150388328105,-0.06863404608546861,0.10575379127148042,0.21745245375540476,0.41378650710115883,-1.9122549754197768,-0.27360058208106497,0.9113627221747217,0
-0.5293321124483709,-1.093845550612902,-0.09338685889994829,-0.33286040438251124,0.32159321133923857,0.19856713253811703,0.9902244382919109,0.31745326125017514,0.3142883659488241,-1.514470309180767,0
2.5797093376543185,-0.32554459291033955,-0.08828204835125482,-1.3698029795790778,1.6391168054440675,-0.02123469874699451,-0.5492449871554009,-0.5574917850078336,-0.4420303038424895,-0.8036745679697308,0
0.1480894197982762,-1.317271082399306,0.3676198402097109,1.0581183250871502,-0.712220763649051,0.19745122336522358,0.7546558844500497,0.6386601686431024,0.10063976653030006,-0.8810683366612923,0
0.42544486418417227,-1.8701411369552634,0.18517553682991406,0.4373131870389607,1.2788658133133932,0.22032577413928178,0.4410653798606231,-0.37231905293792283,-0.25712298539761913,0.22228985580085406,0
-0.12174750838328353,-0.8668546307058795,-0.08268068584269925,-1.86653661707306,0.6308116845547775,-0.015292086548477728,-1.0291387633459337,-0.7168223206028049,-0.9020088490776166,1.513449743242131,0
-0.6315777291653314,0.8397486752348982,0.8953554307625996,-0.8043157596599924,0.820344012612456,0.132830865764751,2.236830746739317,0.6295295842218108,1.6606211741169732,0.2531652380379812,0
2.5581992856682523,0.2132841960725833,-0.5518581458924467,1.262584103427182,0.18455130319703697,-0.023061237832090693,-0.02859412939949435,-1.5256563145700948,0.0430999996029334,-0.5642475986573886,0
-0.5057467042619367,-2.6001350587343715,1.9541574337502863,0.12354769595558233,1.4816634024625988,0.2543612260342899,0.06727365160834387,-0.5923559556520536,-0.7039512386004018,-1.0589075870566005,0
-1.0240285908863795,1.8876631611443497,-1.6826586941226858,1.8071966436378852,-0.9645377949101913,-0.1470208948089466,0.3466221210979119,1.4509275482792119,0.7620175040570583,-0.2798103423770061,1
-1.5029703283951532,2.0658066874213885,2.6443433470170348,-0.10594835430413566,0.4676931717654332,-0.35566301568994946,-1.6668699389771358,-0.46531045678005334,-0.4645807031068642,0.25373966149457344,1
-0.03564148229748357,-1.404341557140428,0.46642998243352635,-1.356581804623405,1.1647393544571714,0.006890054519033149,-1.3345916392576316,0.2935579321666293,-1.250190149979914,-1.6151318159055095,0
0.7105491022977853,2.4542336466480963,1.3934545275244314,1.00163182520856,0.3796396483859655,-0.2647470164244394,-0.3225608592758882,-0.39305275706140097,0.5000507382681425,0.42934082280173436,1
0.6197114459661363,-1.353017385800275,-1.876552706041874,-0.49190244750620515,-1.1896666590903613,0.1976937750029804,0.7213906983560617,1.2000789564268612,0.06926508409206689,-0.6353623888256293,0
-0.5290526773462948,-0.5284237149280748,-1.5625458568865427,0.5159392177040995,-1.2542894231692494,-0.012102862352767385,-0.6565669321579763,0.06699071722487192,-0.5683941649628006,0.7942646796218271,0
-0.8254105299789551,0.07936047048544859,-1.085150526557798,-0.6122367345077503,1.2446795807367868,0.005974355016567642,0.14227532705221413,-0.33130838318332273,0.1130760748727291,2.9490944253087252,1
0.5524899544171478,-0.6977063367163909,-0.019637798926681216,0.440474737960399,1.3641404299738442,-0.0031387538905145356,-0.7319914405999333,-1.5929937335316693,-0.664868638967484,0.22391413406466143,0
-1.405189846803575,0.46326191732012045,-0.04889718347410554,0.8451579711843216,1.7041055162554912,0.14086559868430415,1.9440492312980133,-0.2788833941507565,1.3667131282986114,-0.05240445057746945,0
0.18335991977915564,-0.723344163365431,-1.4789115687741288,0.3918040054025465,0.5792914996010884,-0.006195660289733888,-0.7897928991060639,-0.5462444482524828,-0.7089112268568681,-0.015309849172995557,0
-0.12205713212127726,0.7330329464984304,0.7931756882186773,0.14506374595938162,-0.15936223214590656,0.0071920378089923125,0.8099676967929705,-2.018487864388638,0.7244962497908581,-0.45784838618248924,1
-1.232523314768509,-1.0297001124565508,0.8481742126666681,-1.3671378064602457,0.6256309336460009,0.1904819302356535,0.9695480884405616,0.46320629209912306,0.3195869548869493,0.5522999376795232,0
0.34005129456889044,2.3733207698295216,0.7903718960517113,-0.2797601684958344,0.9681846605328611,-0.5032965267506647,-2.9097991920842667,-0.2789629303318085,-1.1650337371856774,0.570612997219531,1
0.20438903160297678,-1.1458971467715595,-0.5555467794868666,-0.8567720938267928,-0.39568071175626385,0.18716787144812727,0.8183158133270267,1.7349365758368085,0.19024902285595052,-1.2021495260760888,0
-1.2549226680022925,-3.1379836116745428,1.0074439731951985,0.18947982122108065,0.937915537510655,0.2690191903400513,-0.31758966056352844,-1.2804555710024668,-1.102629891177302,0.1847104747810833,0
0.6045153263553668,1.0023071885566828,-1.2504077339697175,-0.0007085945766459172,-0.45209033283308037,-0.28612908740185794,-2.0018504056857713,-0.31305803052315434,-0.9825474270214627,0.8823330623234091,1
-1.2276078151369925,-1.5132600884258878,1.1894704889246406,0.9640871682883573,0.7011727423108983,0.006829922897125486,-1.4443463658028763,-0.24415663529064868,-1.3511165533035268,0.597400069849858,0
-0.4555395260238707,-2.7385945999255714,0.8691545924968965,0.9854496856152184,0.9553005582377528,0.2522259587442034,-0.09387867390433513,1.5781180575621845,-0.8459771892236893,-0.8892408282283243,0
0.47240627788037737,-0.3827605870679325,-0.9564363768180087,-1.2932729578711637,0.35561334878566,-0.021393383104470205,-0.6082355053865944,0.7197579421481819,-0.49589530474891863,1.484116028535965,1
0.8474216771504216,-1.305120452448257,-2.172669546014036,-0.12038116395359824,-0.09053328230416077,0.009467792950366654,-1.2081028571062025,1.1070806692869728,-1.1414290579229636,-0.5353281859539227,0
0.9039348410861953,-1.6837487419195272,0.4365598041576678,-2.9213504834946074,-1.0097307047099375,0.019476393146842914,-1.4822927027970492,-1.072139011985607,-1.4241538653680708,-2.3629324355418384,0
-2.246889333984605,-2.1785188265208655,0.8484308822052846,0.058022734808395225,0.21128369227947272,0.24012136342396004,0.34007898244044366,-0.04282338131157488,-0.4097608186292745,-0.6067002947652967,0
1.190548594343596,-0.3557299394180591,2.1650560678066024,-0.7282722024066131,1.0269862633197322,0.2640190459465619,2.417355856366396,0.5059655534558652,1.4318934752335746,0.2125740306322149,1
0.49774308909139425,0.8242266103631483,0.23007075919140207,1.7952113559123222,0.4215866106144557,-0.21096226066187773,-1.3905712837151931,-0.3206676255571917,-0.6457692205222557,0.6659242520544614,1
-0.8192578597214978,-0.37959043861125297,-1.345870923473215,-0.30372602877666466,0.8743891807127275,0.19018645591078928,1.6177739143187293,-0.6581164890752567,0.9176306700447708,-0.47622087354465903,1
0.31318447386498,-0.36212830134570406,1.3286408282482312,0.10940847183297006,0.4559041951707027,0.17318649134826533,1.4566691693970628,-1.2374266382225725,0.8204086643003143,-0.6065033882157397,0
1.2958717818630143,-2.7495524091743153,0.09806753953894455,0.6686548047579066,0.7450053128772811,0.24966630217000554,-0.1317485088581163,-0.1755639454992155,-0.8731558115757297,-0.7188323876087304,0
1.114321694668872,1.0625142851678997,-1.1808128153088449,0.54711911517521,0.7181857257079345,-0.24117014886844532,-1.4691968807721714,0.02246589281204638,-0.6272390834541428,0.7153813154412441,1
-0.20367375017696587,0.3326054559528069,-0.10015407647995278,1.2269332238843076,-0.82688035403986,-0.039501394783467265,-0.08176727005098983,0.7660802783846903,0.043620304664786495,-0.877982586756561,0
-0.8170886310681906,0.9152089806639621,0.0012054753622242368,0.21329370737293857,0.9375701376265584,-0.10484242814036482,-0.18453543524486016,-1.8936146669537857,0.14570182796928074,0.6592456684324051,1
-0.3916485674217911,1.460601523967799,0.3080505395041023,0.09798315347089544,-0.3431922754974105,-0.26601312138275796,-1.3313597578891823,1.0857863249393471,-0.4254553635684291,0.26912694124510733,1
0.45780560992578473,2.396184263556294,-0.12373268009975662,0.37006111526895535,-0.18256897437954112,-0.2757560980884218,-0.4963793501564553,-0.33912227927003874,0.37307710593504034,-0.49693202511797824,1
-0.19050310599781134,-2.0996816359432215,0.6404797952008238,-0.46649537922819795,-1.1476913898156673,0.22382465855500164,0.24785286769885262,0.9965705105794472,-0.4456485754710837,0.32405702822156063,0
0.4477169258102776,1.8102136528705213,-0.10730214400422888,0.3696421921980939,-1.1267674689098053,-0.37424168434199845,-2.1181281112778523,1.1731246375866413,-0.824342044221799,-1.5708761520684993,1
1.1695899924277735,0.4896194392556428,1.0473177066214483,-1.326472128311083,-0.04347694981386243,-0.04545872920314776,0.012954389865543758,0.39069592092814415,0.14881765925460383,-0.22939074406802776,1
-0.6677795564688862,-1.301972744907007,-0.936506374789596,-0.9096834169818336,-0.1873290184063747,0.20710043372848758,0.8713564278173679,-0.031058932870901952,0.17909041093298841,0.29219272832637316,0
0.19894814679649453,1.2280993812837875,-2.6042138566271342,-0.42076179368105326,0.40429475496169764,-0.17809436398976874,-0.6406340506044607,0.8868873900973003,-0.053888153963660326,0.4367385517335095,1
-0.3780078990182172,-0.6486492155187222,-0.8783230771797389,1.9412174364637491,0.6464895377257707,0.29330432142871704,2.4315544363397397,0.6654168236917787,1.3567904816755914,0.2314459225255723,1
-0.19634984908497827,-0.5236614825244214,-0.2590421458207031,0.23878915902651351,-0.03722223650984159,-0.007905630825529822,-0.6077001311679413,1.0302834540318422,-0.5360160102991088,-0.07160125941406395,0
-0.7557915001583629,-0.7547971160991286,-0.1942691319785193,0.2514736089405121,1.6554071130882952,0.18911409821900435,1.2305968414787407,0.38897872935218375,0.5641872065071921,1.0487071264165635,0
0.8384907744516419,-0.5800798172983883,-0.006070911539893324,2.4929995174327906,-0.09888965319114267,-0.003935657552696584,-0.6225162930664182,0.3885786045309641,-0.5616191095060331,0.08182935854756501,0
0.7640297815728595,0.25822304069210067,-0.8343230454915821,-0.9478927172689863,-0.6327550298850391,0.13977845065893751,1.7272040089159462,1.897767016745977,1.1702260986570383,-1.542801515209646,1
-0.4081008391602206,-1.2182621198910357,-0.8953463223630241,0.2553837556743171,0.651136241823657,0.19145741132447688,0.7908804081955179,-0.9254246260595873,0.1520586450165541,-0.9958153947902291,0
-0.81240234893742,1.5017151146480605,0.678946987762233,1.5944423917491968,-0.16036008104483077,-0.10045272332654237,0.4491894058596535,2.095843501809159,0.7162791835459987,-0.049029340838036735,1
0.5362909095171899,1.5764646495767036,-0.06407776414871663,-0.8903178480198718,-0.16212397547985843,-0.10213711525801711,0.5063832320793575,-1.8437935834807457,0.7740388624604011,-2.1961278210999464,1
0.38961417737090387,-1.7249595831569646,1.8709651753717822,-1.879924385139045,0.5346290861224353,0.21318466078889117,0.5114957541579386,-1.5859833122379583,-0.1707385182344752,-0.8682927318763665,0
1.395683810789956,0.916169654741185,1.3103087461196083,0.7796605322693398,-0.20922187374452778,-0.21919706258340182,-1.3849695226068253,-0.30803428418574125,-0.6158124271048596,-0.5621680265783021,1
1.0010460925671412,-0.18886117040020134,0.1895816165987434,0.5010941699398452,0.6778753195309076,-0.009881848187381977,-0.29303325056106455,0.9751976297824297,-0.240190096972131,-2.703232292999237,0
0.9413105807674833,-1.0616966263046517,0.19063559126502433,1.0715431522348857,0.39792704994680894,0.18364937769734577,0.865709504653496,1.6999573745763805,0.2445034813182824,-1.0325239035275395,0
-0.2950899142379063,-1.9609002674257665,-0.4173668136050844,-0.9186865114860944,0.9184544439424138,0.22339391109169812,0.38236937041513674,0.5555126463422483,-0.3204331847451108,0.975816719344709,0
0.996858773465808,-1.9107015701029038,1.4641772387524374,-1.1119670257741636,1.7586204841951334,0.2331005535541464,0.5346391627683378,2.620793091029975,-0.20938862712549625,0.2806364044901364,0
-1.2968319479558466,0.3475459542866546,0.18102155870370695,1.173473857485325,-0.651356893791829,-0.021777007696815804,0.11941163522380838,0.6628812686674127,0.1755777853108877,0.3996879517526416,0
0.5639091200523596,-1.415326735073951,1.3842728185105182,2.439752406339273,0.8534155587803077,0.009269346445615886,-1.3206008724928373,1.0225704320096403,-1.2444661248488826,0.594754341665286,0
-0.062191016999311004,0.5699163461935818,0.5720574417141441,0.5142547560178349,-0.3340772309799405,0.07132606978626323,1.3203296208140864,-1.5311075025557221,1.0015298394820675,1.1243533598705027,1
-1.2585049106753345,-1.4654419198997934,-0.7095798547491726,0.054934110999848726,-0.3084827884558197,0.20299953183209837,0.6644967911304536,-1.2457173764463845,0.0008771533386859834,-0.21701705042437042,0
-0.92951086019241,0.4180468515623169,-1.8461878622380938,1.0352493347237526,-0.6500239344068982,0.01648693196368989,0.59204140018228,0.8901984111247868,0.49575123886958206,-1.496529255090079,1
1.2189707897936632,-0.5682098860422301,-0.05658848889989584,0.3099989831655551,0.1435879365051602,0.18225440389756514,1.3454671736032005,-0.1858457521927473,0.6906629358324228,-1.9511018640386248,0
1.1717179147161596,0.9163223720135962,-0.6701152004542329,0.1825010305992134,0.4875602970867186,-0.017607439068698143,0.7330607529412181,-0.04489303012253698,0.7283239927719999,-1.1761733365547806,1
1.4898634386020821,1.776176594664789,-0.22320225463480511,0.24395319790850026,-0.828497024780246,-0.357990796214132,-1.9814991117564031,0.1733416643704082,-0.7474118152379722,-1.6009039784765156,1
-1.100154232971695,2.3168127745022615,-0.5583017539460305,-0.6172531865469232,0.7789365035121141,-0.4564113383759757,-2.4738428959605643,0.8389405004696122,-0.9046043915218867,0.4395012306202264,1
1.6284685547723217,0.34670895182101713,-0.9647054257507148,1.23000057271915,1.5905820726178503,0.10413045155657323,1.4413422677696992,-1.0263692076658921,1.0142287190449473,-0.28438464960650933,1
-0.022278979183713316,1.16032183790059,0.2773584619646759,2.042076040143744,-0.01109200394860206,-0.03485804612354452,0.7962853663323894,0.10343812930810638,0.8385118123259941,0.32208231076698546,1
0.5740712208940013,2.166157068041483,1.5898389781806839,-1.5457297866907331,-1.342127748485115,-0.2084557078272013,-0.019788230441180943,0.9137716213855857,0.6094661557451352,1.3995946451457935,1
0.1973157074055956,1.735033511177079,0.08865759096143744,1.2361307218062179,-0.31607285602704976,-0.3234811611013024,-1.6601651925145207,0.9653974845911707,-0.5553092014613445,-0.6176518954343502,1
-0.5482002981667726,-0.48101358419710794,0.5531491563792091,-2.0820987031889873,-0.7746149700185819,0.2978895545483838,2.647676678353459,0.242882013150275,1.5420781676920299,1.9234457948249533,1
-0.5703513664136806,1.0516438584115342,0.35250496835687956,-0.25885440036983165,0.2700573583914221,0.11439638249149384,2.255453145349538,1.223083067095325,1.7332857092652185,-1.8206033005485172,0
1.6406145634882874,0.8820998117747487,1.362562852712452,-1.0496554989099411,-1.123494033239598,0.01566911521146063,1.04837358185399,0.5681032051286461,0.9185929150355396,3.152056734512085,1
-0.8984679817910373,-1.1263878074076854,0.5365098435704035,-0.7557451594928447,-0.009118996644203544,0.0002668608417268971,-1.1256986278841148,-0.17495975669540864,-1.0378116591250628,0.028181157369128247,0
